Free Allocation,Emission Cap,Permit Price,Outputs,Emissions,Profits
0.0,3074.5378274769137,29.087066650390625,"(93.51057233111973, 87.7777321537076, 87.7777321537076, 145.6113425005262, 145.6113425005262, 145.6113425005262, 52.53809823853055, 52.543401133208356, 52.50229815729079, 106.1239559454304, 106.1239559454304, 106.1239559454304, 165.25245376608015, 165.25245376608015, 176.04523429126368, 87.7777321537076, 87.7777321537076, 87.7777321537076, 87.7777321537076, 155.12134484087642, 155.12134484087642, 155.12134484087642, 155.12134484087642, 52.38673312577384, 52.399028588938776, 52.314236321497944, 52.364970913191186, 106.1239559454304, 106.1239559454304, 106.1239559454304)","(83.77029870279783, 86.46622770085366, 86.26749815728596, 143.05388273577, 138.5607993122832, 142.85738502313853, 50.65775120945325, 51.018008945477526, 50.96088471332359, 104.27929055899459, 103.24320171062494, 95.3524333122808, 154.48093113293055, 162.37169953127471, 165.27371165811408, 84.89697791890215, 85.8973851246303, 86.25233996597677, 86.25233996597677, 153.2409978117991, 152.24059060607098, 144.34982220772682, 152.24059060607098, 50.50638609669654, 50.873636401207946, 50.433889292420645, 49.484216678385735, 95.3524333122808, 103.24320171062494, 104.2436089163531)","(1022.69159435690, 807.038335107443, 816.196369545466, 2262.74257497058, 2326.29086559510, 2265.05073483529, 1638.03767945813, 1632.04640472549, 1628.87254144629, 5616.42777341419, 5633.07615332416, 5742.01048752030, 11451.7159102662, 11342.7792007181, 12188.7857362851, 838.003615375270, 822.162457586375, 816.537926158160, 816.536581975688, 2396.26647516542, 2412.10616841136, 2521.04154384504, 2412.10530549426, 1630.40352254150, 1622.69152204151, 1625.27243605699, 1642.24603433830, 5741.99288979955, 5633.05926643795, 5617.21859196620)"
0.05263157894736842,3074.5378274769137,30.040740966796875,"(87.7777321537076, 87.7777321537076, 87.7777321537076, 145.6113425005262, 145.6113425005262, 145.6113425005262, 52.15263434647702, 51.91387427448694, 52.112812233234685, 106.1239559454304, 106.1239559454304, 106.1239559454304, 165.25245376608015, 165.25245376608015, 176.04523429126368, 87.7777321537076, 87.7777321537076, 93.51057233111973, 93.51057233111973, 145.6113425005262, 155.12134484087642, 155.12134484087642, 155.12134484087642, 52.22531717575766, 52.30736755625216, 52.34955153778105, 52.4117880246548, 106.1239559454304, 106.1239559454304, 106.1239559454304)","(77.67510474644789, 86.46622770085366, 86.26749815728596, 142.96946483563136, 138.5607993122832, 142.85738502313853, 50.27228731739972, 50.35834417407536, 50.54024904863045, 104.27929055899459, 103.14039304907523, 94.69929293466592, 153.82779075531568, 162.268890869725, 164.6205712804992, 84.79416925735244, 85.8973851246303, 91.95504223070816, 91.95504223070816, 143.73099547144892, 152.13778194452127, 143.69668183011194, 152.13778194452127, 50.34497014668036, 50.75183745584058, 50.469204508703754, 49.42822512829963, 94.69929293466592, 103.14039304907523, 104.2436089163531)","(985.918724554086, 813.040781149124, 822.388338848759, 2264.82021815576, 2332.62541082641, 2267.28773662592, 1609.03577444489, 1594.40702731556, 1604.56864879210, 5516.97929227502, 5534.65253487413, 5651.33152157276, 11304.6477159338, 11187.9662622101, 12031.4247450934, 845.539357200830, 828.707394183079, 874.053508884601, 874.052326254568, 2253.29807167531, 2414.47543831822, 2531.15551571804, 2414.47457423447, 1617.12622086232, 1615.14878991264, 1623.45701228905, 1643.87028652304, 5651.31368027219, 5534.63561430600, 5517.80413949318)"
0.10526315789473684,3074.5378274769137,30.517578125,"(87.7777321537076, 87.7777321537076, 87.7777321537076, 145.6113425005262, 145.6113425005262, 145.6113425005262, 52.0716225327401, 52.30236727413585, 51.76827369220151, 106.1239559454304, 106.1239559454304, 106.1239559454304, 165.25245376608015, 165.25245376608015, 176.04523429126368, 93.51057233111973, 93.51057233111973, 93.51057233111973, 93.51057233111973, 145.6113425005262, 155.12134484087642, 155.12134484087642, 155.12134484087642, 52.00830682583398, 52.16811792502074, 52.134739283461094, 52.32847767302867, 106.1239559454304, 106.1239559454304, 106.1239559454304)","(77.67510474644789, 86.42124904779632, 86.26749815728596, 142.96946483563136, 138.18638181503124, 142.85738502313853, 50.143488497311594, 50.746837173724266, 50.195710507597276, 104.27929055899459, 103.14039304907523, 94.69929293466592, 153.82779075531568, 162.268890869725, 164.6205712804992, 90.52700943476457, 91.58243829569122, 91.95504223070816, 91.95504223070816, 143.6832084650977, 152.13778194452127, 143.69668183011194, 152.13778194452127, 50.08017279040547, 50.61258782460916, 50.20660524803259, 49.344914776673505, 94.69929293466592, 103.14039304907523, 104.19582191000188)","(991.427705533807, 814.373651813906, 823.800147372293, 2196.64706483371, 2266.69354517738, 2199.16802712316, 1607.06443702110, 1597.33261222350, 1584.92178633001, 5467.25505170543, 5485.47136295665, 5606.17537984595, 11231.2969093373, 11110.5904254230, 11952.9275397023, 899.006403509609, 881.663664971355, 875.532090029318, 875.530907399285, 2184.77700046391, 2341.93049072047, 2462.63559831095, 2341.92962663672, 1604.45917105741, 1606.31429513163, 1613.49369637556, 1638.56400442089, 5606.15753854538, 5485.45444238852, 5468.11210415045)"
0.15789473684210525,3074.5378274769137,30.994415283203125,"(93.51057233111973, 93.51057233111973, 93.51057233111973, 155.12134484087642, 155.12134484087642, 145.6113425005262, 51.93789640262764, 52.08737213513182, 52.071268957522264, 106.1239559454304, 106.1239559454304, 106.1239559454304, 176.04523429126368, 165.25245376608015, 165.25245376608015, 93.51057233111973, 93.51057233111973, 93.51057233111973, 87.7777321537076, 145.6113425005262, 145.6113425005262, 145.6113425005262, 145.6113425005262, 52.1355639866557, 52.154879588418154, 52.033633735189156, 51.93165179459081, 106.1239559454304, 106.1239559454304, 106.1239559454304)","(83.40794492386001, 92.15408922520845, 91.97114611157049, 152.47946717598157, 147.69638415538145, 142.76293571718367, 50.00976236719914, 50.53184203472024, 50.49870577291803, 104.27929055899459, 103.14039304907523, 94.69929293466592, 164.6205712804992, 162.268890869725, 153.82779075531568, 90.52700943476457, 91.58243829569122, 91.95504223070816, 86.22220205329603, 143.6832084650977, 142.62777960417105, 134.18667948976173, 142.62777960417105, 50.20742995122719, 50.599349488006574, 50.10549969976065, 48.948088898235646, 94.69929293466592, 103.14039304907523, 104.19582191000188)","(1053.02815487013, 871.802060088817, 881.313425749830, 2411.27086524879, 2483.59810959761, 2269.53770582292, 1599.57183056425, 1600.38467734674, 1601.44464139238, 5417.53081113584, 5436.29019103918, 5561.01923811914, 11874.4310723203, 11033.2145886359, 11157.9452575392, 905.859535920073, 888.013529683089, 881.704283339543, 830.017094080719, 2254.73992845406, 2272.58449203807, 2397.31435098709, 2272.58350888361, 1611.71877247178, 1604.22948065127, 1604.07512533618, 1616.04179215671, 5561.00139681857, 5436.27327047105, 5418.42766453424)"
0.21052631578947367,3074.5378274769137,31.47125244140625,"(93.51057233111973, 93.51057233111973, 93.51057233111973, 155.12134484087642, 155.12134484087642, 145.6113425005262, 51.67076507255883, 51.868279389345204, 52.06089947747327, 106.1239559454304, 106.1239559454304, 106.1239559454304, 165.25245376608015, 165.25245376608015, 165.25245376608015, 93.51057233111973, 93.51057233111973, 93.51057233111973, 93.51057233111973, 145.6113425005262, 145.6113425005262, 145.6113425005262, 145.6113425005262, 51.930257625747785, 51.995877996547904, 52.02975258998641, 51.98280318949232, 106.1239559454304, 106.1239559454304, 106.1239559454304)","(83.40794492386001, 92.15408922520845, 91.97114611157049, 152.47946717598157, 147.69638415538145, 142.76293571718367, 49.74263103713032, 50.312749288933624, 50.488336292869036, 104.23371598076031, 103.14039304907523, 94.69929293466592, 153.82779075531568, 162.268890869725, 153.82779075531568, 90.52700943476457, 91.58243829569122, 91.95504223070816, 91.95504223070816, 143.6832084650977, 142.62777960417105, 134.18667948976173, 142.62777960417105, 50.00212359031928, 50.44034789613632, 50.1016185545579, 48.999240293137156, 94.69929293466592, 103.14039304907523, 104.19582191000188)","(1121.57765054381, 936.181069168607, 945.779668904040, 2338.56298943627, 2413.17098550008, 2201.46303325880, 1588.82899741827, 1586.87458626941, 1590.66624084237, 5367.82816503151, 5387.10901912170, 5515.86309639233, 11798.0086820426, 11669.2521377469, 11798.0078368409, 971.014397103308, 952.665123167594, 946.178205422539, 946.177022792506, 2186.22643564806, 2204.57426693080, 2333.32915607048, 2204.57328377634, 1597.18264411651, 1594.30452727809, 1602.68541094147, 1618.41350415689, 5515.84525509175, 5387.09209855357, 5368.74322491804)"
0.2631578947368421,3074.5378274769137,31.948089599609375,"(93.51057233111973, 99.61782917811763, 99.61782917811763, 145.6113425005262, 155.12134484087642, 145.6113425005262, 51.52665282299837, 51.65339023499785, 52.09819639157351, 99.61782917811763, 106.1239559454304, 106.1239559454304, 165.25245376608015, 165.25245376608015, 165.25245376608015, 93.51057233111973, 93.51057233111973, 93.51057233111973, 93.51057233111973, 145.6113425005262, 145.6113425005262, 145.6113425005262, 145.6113425005262, 52.0307002547289, 51.97390100784757, 51.88857412389061, 51.740583345711734, 106.1239559454304, 106.1239559454304, 106.1239559454304)","(83.03211111609278, 98.26134607220635, 98.07840295856839, 142.96946483563136, 147.69638415538145, 142.76293571718367, 49.598518787569866, 50.09786013458627, 50.493854159438264, 97.72758921344754, 103.14039304907523, 94.00655028003435, 153.13504810068412, 162.268890869725, 153.13504810068412, 90.52700943476457, 91.58243829569122, 91.95504223070816, 91.95504223070816, 143.6832084650977, 142.62777960417105, 133.49393683513017, 142.62777960417105, 50.10256621930039, 50.41837090743599, 49.96044008846211, 48.75702044935657, 94.00655028003435, 103.14039304907523, 104.19582191000188)","(1134.27626253707, 1004.37548036182, 1014.06117481190, 2269.08044645989, 2490.26429665005, 2271.86478149084, 1574.13795779051, 1578.19653751521, 1599.82748315598, 5318.96322742877, 5683.15580241907, 5816.15395083720, 11724.8770265352, 11591.8763009599, 11724.8761736692, 980.252370432129, 961.399828797686, 954.735239651121, 954.734057021089, 2256.18936363820, 2275.04046261968, 2408.03946156068, 2275.03947946522, 1601.72564255157, 1591.91877941890, 1593.89764911785, 1606.45891260419, 5816.13584561950, 5683.13888185094, 5664.28674051668)"
0.3157894736842105,3074.5378274769137,31.948089599609375,"(99.61782917811763, 99.61782917811763, 99.61782917811763, 145.6113425005262, 155.12134484087642, 145.6113425005262, 51.57494530255503, 51.51125609072956, 51.981056462554385, 99.61782917811763, 106.1239559454304, 106.1239559454304, 165.25245376608015, 165.25245376608015, 165.25245376608015, 99.61782917811763, 99.61782917811763, 93.51057233111973, 93.51057233111973, 145.6113425005262, 145.6113425005262, 145.6113425005262, 145.6113425005262, 51.93322000578542, 52.04791481772962, 51.96782575731188, 51.80782505954403, 106.1239559454304, 106.1239559454304, 106.1239559454304)","(89.13936796309068, 98.26134607220635, 98.07840295856839, 142.96946483563136, 147.69638415538145, 142.76293571718367, 49.64681126712652, 49.95572599031798, 50.37671423041914, 97.72758921344754, 103.14039304907523, 94.00655028003435, 153.13504810068412, 162.268890869725, 153.13504810068412, 96.63426628176246, 97.68969514268912, 91.95504223070816, 91.95504223070816, 143.6832084650977, 142.62777960417105, 133.49393683513017, 142.62777960417105, 50.005085970356916, 50.49238471731804, 50.03969172188337, 48.82426216318886, 94.00655028003435, 103.14039304907523, 104.19582191000188)","(1178.99763186727, 989.363207578324, 999.048902028411, 2269.08044645989, 2490.26429665005, 2271.86478149084, 1576.80645152661, 1576.69484675832, 1593.53165231837, 5318.96322742877, 5683.15580241907, 5816.15395083720, 11724.8770265352, 11591.8763009599, 11724.8761736692, 1024.97376203652, 1006.12130048454, 940.643322254838, 940.642139624805, 2256.18936363820, 2275.04046261968, 2408.03946156068, 2275.03947946522, 1602.35895741785, 1597.17475251125, 1598.70945454268, 1611.06574481409, 5816.13584561950, 5683.13888185094, 5664.28674051668)"
0.3684210526315789,3074.5378274769137,32.901763916015625,"(99.61782917811763, 99.61782917811763, 99.61782917811763, 145.6113425005262, 145.6113425005262, 145.6113425005262, 51.83070480592484, 51.61214679966451, 51.51280977676908, 106.1239559454304, 106.1239559454304, 106.1239559454304, 165.25245376608015, 165.25245376608015, 165.25245376608015, 99.61782917811763, 99.61782917811763, 99.61782917811763, 99.61782917811763, 145.6113425005262, 145.6113425005262, 145.6113425005262, 145.6113425005262, 51.438128568976985, 51.74913030453029, 51.85653210209382, 51.57485613417749, 106.1239559454304, 99.61782917811763, 106.1239559454304)","(89.13936796309068, 98.21481575386487, 98.07840295856839, 142.88225945478132, 137.7920794053526, 142.76293571718367, 49.8535696802473, 50.025882797576294, 49.90846754463384, 104.23371598076031, 103.03391427084975, 94.00655028003435, 153.13504810068412, 162.1624120914995, 153.13504810068412, 96.52778750353698, 97.64069405244008, 98.03156517602942, 98.03156517602942, 143.63420737484867, 142.52130082594556, 133.49393683513017, 142.52130082594556, 49.46099344329944, 50.162866302442076, 49.879396976416274, 48.48481445959684, 94.00655028003435, 96.52778750353698, 104.14682081975285)","(1174.81569263103, 976.501082391765, 986.342034703524, 2271.28809546731, 2352.92027654852, 2274.19185715876, 1582.02217704126, 1565.93522078518, 1564.89949711697, 5563.94859349471, 5584.89465326475, 5726.50231826117, 11578.8360642200, 11437.2258321298, 11578.8352113540, 1013.74531027181, 993.797824594503, 986.777703671751, 986.776663109357, 2257.65149870524, 2277.59763020697, 2419.20614340122, 2277.59664558292, 1575.44098315457, 1577.23215077286, 1581.10441081688, 1594.67586103366, 5726.48421304348, 5246.68951344210, 5564.93054337905)"
0.42105263157894735,3074.5378274769137,33.855438232421875,"(99.61782917811763, 106.1239559454304, 99.61782917811763, 145.6113425005262, 145.6113425005262, 145.6113425005262, 50.98475383911408, 50.99149353334529, 51.460150511253445, 106.1239559454304, 106.1239559454304, 106.1239559454304, 165.25245376608015, 165.25245376608015, 165.25245376608015, 99.61782917811763, 99.61782917811763, 99.61782917811763, 99.61782917811763, 145.6113425005262, 145.6113425005262, 145.6113425005262, 145.6113425005262, 51.63760913982372, 51.57037187101238, 51.62536316192902, 51.60847111500107, 106.1239559454304, 99.61782917811763, 106.1239559454304)","(89.13936796309068, 104.72094252117763, 98.0486468133231, 142.88225945478132, 137.7920794053526, 142.66524736172732, 49.007618713436536, 49.40522953125708, 49.8558082791182, 104.18701691781273, 103.03391427084975, 93.2718035969521, 152.40030141760184, 162.1624120914995, 152.40030141760184, 96.52778750353698, 97.64069405244008, 98.03156517602942, 98.03156517602942, 143.63420737484867, 142.52130082594556, 132.7591901520479, 142.52130082594556, 49.660474014146175, 49.98410786892416, 49.64822803625148, 48.51842944042043, 93.2718035969521, 96.52778750353698, 104.14682081975285)","(1237.49977688963, 1095.69854770233, 1040.52204305757, 2135.02495435520, 2221.51150941543, 2138.10328464641, 1541.52273129762, 1546.57400591232, 1565.18894685984, 5464.55946074926, 5486.63385550584, 5636.92963039848, 11432.8741664842, 11282.5757046316, 11432.8733053748, 1069.38324857585, 1048.37441250629, 1040.98152783195, 1040.98048726956, 2120.67124417448, 2141.67872606846, 2291.97539190173, 2141.67774144441, 1576.96868501918, 1568.72552641401, 1578.67671031320, 1599.27472835279, 5636.91123881033, 5154.63344168046, 5465.60839522789)"
0.47368421052631576,3074.5378274769137,35.28594970703125,"(99.61782917811763, 106.1239559454304, 106.1239559454304, 145.6113425005262, 145.6113425005262, 136.68436915929485, 51.020314829476746, 51.46515841589232, 51.21223020571151, 99.61782917811763, 106.1239559454304, 106.1239559454304, 165.25245376608015, 165.25245376608015, 165.25245376608015, 99.61782917811763, 99.61782917811763, 99.61782917811763, 99.61782917811763, 145.6113425005262, 145.6113425005262, 145.6113425005262, 145.6113425005262, 51.10465786551305, 51.234039383251655, 51.13268430279315, 50.963212149098624, 106.1239559454304, 99.61782917811763, 106.1239559454304)","(88.74955220090699, 104.67282258425843, 104.55477358063587, 142.7921745505524, 137.37683699820587, 133.73827402049596, 48.992933705500995, 49.847553674649696, 49.57546690549272, 97.68089015049996, 102.9236336784578, 93.2718035969521, 152.40030141760184, 162.05213149910756, 152.40030141760184, 96.41750691114504, 97.59044805414187, 98.000224436875, 98.000224436875, 143.58396137655046, 142.41102023355361, 132.7591901520479, 142.41102023355361, 49.0772767415373, 49.61643464200903, 49.1053031788174, 47.76288988212604, 93.2718035969521, 96.41750691114504, 104.09657482145464)","(1290.61090237809, 1137.87194578128, 1148.08723696835, 2060.68831641940, 2154.71688795350, 1941.89541361082, 1541.86023328548, 1545.81188226332, 1543.66802928027, 5316.90800585912, 5684.56908032472, 5848.73120031038, 11214.8637865724, 11050.6989900891, 11214.8629254630, 1111.59261585569, 1088.89341750450, 1080.94355348834, 1080.94251226029, 2045.18784277599, 2067.88569579911, 2232.04870429769, 2067.88470964951, 1546.76712354568, 1539.85223367164, 1548.03286863257, 1562.36176734237, 5848.71280872223, 5340.71086502765, 5661.85323307694)"
0.5263157894736842,3074.5378274769137,35.762786865234375,"(106.1239559454304, 99.61782917811763, 106.1239559454304, 136.68436915929485, 145.6113425005262, 136.68436915929485, 50.96654598243427, 51.09758741750647, 51.13460793055425, 99.61782917811763, 106.1239559454304, 106.1239559454304, 165.25245376608015, 165.25245376608015, 165.25245376608015, 106.1239559454304, 106.1239559454304, 106.1239559454304, 99.61782917811763, 145.6113425005262, 145.6113425005262, 145.6113425005262, 145.6113425005262, 51.00989676048088, 51.25003635738402, 50.927794539530765, 50.89038203573115, 106.1239559454304, 99.61782917811763, 106.1239559454304)","(95.25567896821975, 98.16669581694566, 104.55477358063587, 133.86520120932104, 137.37683699820587, 133.73827402049596, 48.93916485845852, 49.479982676263845, 49.49784463033546, 97.68089015049996, 102.9236336784578, 93.2718035969521, 152.40030141760184, 162.05213149910756, 152.40030141760184, 102.9236336784578, 104.09657482145464, 104.50635120418777, 98.000224436875, 143.58396137655046, 142.41102023355361, 132.7591901520479, 142.41102023355361, 48.98251563650513, 49.632431616141396, 48.90041341555501, 47.690059768758566, 93.2718035969521, 96.41750691114504, 104.09657482145464)","(1329.40612920856, 1039.00109710271, 1114.81712735524, 1996.76369781575, 2219.19736466465, 2000.14180704870, 1535.95743021359, 1536.51562116828, 1536.42009389292, 5270.33012778901, 5635.49126732955, 5804.25573854273, 11142.1936599352, 10973.4265122243, 11142.1927988257, 1146.73151392832, 1123.47308167471, 1115.32792510761, 1049.78105078867, 2106.70853193796, 2129.96568688244, 2298.73104660855, 2129.96470073285, 1540.86361299416, 1541.75697190793, 1536.34857471404, 1562.19778185986, 5804.23734695457, 5294.73541503110, 5612.21611816040)"
0.5789473684210527,3074.5378274769137,36.2396240234375,"(106.1239559454304, 106.1239559454304, 106.1239559454304, 136.68436915929485, 136.68436915929485, 136.68436915929485, 50.77260273913891, 50.84086979124223, 50.89123184172284, 99.61782917811763, 106.1239559454304, 106.1239559454304, 165.25245376608015, 165.25245376608015, 165.25245376608015, 106.1239559454304, 106.1239559454304, 106.1239559454304, 106.1239559454304, 145.6113425005262, 145.6113425005262, 145.6113425005262, 145.6113425005262, 50.989542291792816, 50.96693654383553, 51.06244136706597, 51.0667766797439, 106.1239559454304, 99.61782917811763, 106.1239559454304)","(95.25567896821975, 104.67282258425843, 104.52444261511768, 133.86520120932104, 128.44986365697451, 133.63723403005073, 48.74522161516315, 49.223265049999604, 49.254468541504046, 97.63303885786739, 102.9236336784578, 92.4925058292886, 151.62100364993836, 162.05213149910756, 151.62100364993836, 102.9236336784578, 104.09657482145464, 104.50635120418777, 104.50635120418777, 143.58396137655046, 142.41102023355361, 131.9798923843844, 142.41102023355361, 48.962161167817065, 49.34933180259291, 49.03506024309022, 47.86645441277132, 92.4925058292886, 96.41750691114504, 104.09657482145464)","(1374.94248507361, 1145.59145788154, 1155.92870012194, 2054.94956765361, 2154.14259029344, 2058.43337342165, 1527.01910926614, 1520.47545927217, 1525.11035607868, 5223.75234691002, 5586.41345433437, 5759.96261127866, 11069.7059984917, 10896.1540343595, 11069.7051285077, 1188.61150406011, 1164.79376988514, 1156.45321671219, 1156.45230109354, 2168.22922109993, 2192.04567796578, 2365.59577080380, 2192.04469181618, 1536.76163704879, 1529.14926342487, 1540.39328354418, 1564.38854579115, 5759.94390846739, 5248.75996503456, 5562.57900324386)"
0.631578947368421,3074.5378274769137,37.19329833984375,"(106.1239559454304, 113.05500315245426, 113.05500315245426, 136.68436915929485, 136.68436915929485, 136.68436915929485, 50.78811413310612, 50.634196365675315, 50.74825504191289, 99.61782917811763, 106.1239559454304, 106.1239559454304, 165.25245376608015, 165.25245376608015, 165.25245376608015, 106.1239559454304, 106.1239559454304, 106.1239559454304, 106.1239559454304, 136.68436915929485, 145.6113425005262, 145.6113425005262, 145.6113425005262, 50.72021108787204, 50.847406981884895, 50.7534575812931, 50.77141548327198, 106.1239559454304, 99.61782917811763, 106.1239559454304)","(94.85136080357034, 111.60386979128229, 111.45548982214154, 133.77214239327273, 128.01257082434915, 133.63723403005073, 48.76073300913037, 49.01659162443269, 49.111491741694095, 97.63303885786739, 102.8094179335134, 92.4925058292886, 151.62100364993836, 161.93791575416316, 151.62100364993836, 102.8094179335134, 104.09657482145464, 104.50635120418777, 104.50635120418777, 134.6569880353191, 142.2968044886092, 131.9798923843844, 142.2968044886092, 48.69282996389629, 49.22980224064227, 48.72607645731735, 47.456877471354986, 92.4925058292886, 96.30329116620064, 104.09657482145464)","(1403.49645999267, 1238.63113512319, 1249.10977504586, 2049.30563682277, 2153.79504690800, 2053.00474757643, 1521.28453384397, 1507.08459129690, 1513.67711216523, 5130.64222531858, 5488.27746476322, 5671.75488400921, 10925.1089414830, 10741.6287259273, 10925.1080714990, 1209.70150362241, 1184.74553967860, 1176.01419329397, 1176.01327767532, 2032.29185383962, 2186.23844181884, 2369.71679442306, 2186.23745408553, 1523.67746628697, 1518.30436439700, 1523.79821798905, 1548.59021786681, 5671.73618119794, 5156.82865187017, 5463.30477341078)"
0.6842105263157894,3074.5378274769137,38.623809814453125,"(113.05500315245426, 113.05500315245426, 113.05500315245426, 145.6113425005262, 145.6113425005262, 136.68436915929485, 50.62230295607832, 50.685899125526525, 50.6251790119679, 106.1239559454304, 99.61782917811763, 106.1239559454304, 165.25245376608015, 165.25245376608015, 165.25245376608015, 113.05500315245426, 106.1239559454304, 106.1239559454304, 106.1239559454304, 136.68436915929485, 136.68436915929485, 136.68436915929485, 136.68436915929485, 50.506535598090636, 50.465040967396995, 50.167764903533254, 50.285041811676386, 99.61782917811763, 99.61782917811763, 106.1239559454304)","(101.7824080105942, 111.55410433106113, 111.45548982214154, 142.6991157345041, 136.93954416558051, 133.532728968821, 48.54340005650382, 49.036334826742944, 48.95533965260503, 104.13916562518015, 96.30329116620064, 91.66595505222482, 150.79445287287456, 161.93791575416316, 150.79445287287456, 109.74046514053727, 104.0450530458559, 104.47439164664681, 104.47439164664681, 134.60546625972034, 133.36983114737785, 122.22636826608927, 133.36983114737785, 48.427632698516135, 48.815476668613414, 48.08886200395875, 46.97050379975939, 85.15982828491205, 96.30329116620064, 104.0450530458559)","(1506.78100617380, 1254.27417531141, 1264.91838368393, 2104.15066584432, 2216.87922762341, 1983.86075667722, 1512.37476557284, 1506.49177709646, 1503.87482253762, 5658.32714531996, 5343.14820969583, 5884.84438566501, 10708.3866360766, 10509.9746792667, 10708.3857565292, 1301.60200004410, 1200.36234111304, 1191.03479343420, 1191.03387725527, 1961.70628647724, 1988.47715133295, 2186.88671254512, 1988.47602694859, 1507.54091745090, 1494.73027077895, 1491.30597438592, 1521.44989109602, 5541.53452324457, 5343.12880127295, 5659.64639356516)"
0.7368421052631579,3074.5378274769137,39.10064697265625,"(106.1239559454304, 113.05500315245426, 113.05500315245426, 136.68436915929485, 145.6113425005262, 136.68436915929485, 50.1732201661955, 50.274214228940316, 50.499071729081635, 106.1239559454304, 99.61782917811763, 106.1239559454304, 165.25245376608015, 165.25245376608015, 165.25245376608015, 113.05500315245426, 113.05500315245426, 113.05500315245426, 113.05500315245426, 136.68436915929485, 136.68436915929485, 136.68436915929485, 136.68436915929485, 49.91579624742086, 50.38966783279437, 50.56712231196, 50.98908797021477, 99.61782917811763, 99.61782917811763, 106.1239559454304)","(94.85136080357034, 111.55410433106113, 111.42457201198623, 133.77214239327273, 136.93954416558051, 133.532728968821, 48.094317266621, 48.624649930156735, 48.82923236971877, 104.13916562518015, 96.30329116620064, 91.66595505222482, 150.79445287287456, 161.93791575416316, 150.79445287287456, 109.74046514053727, 110.97610025287976, 111.40543885367067, 111.40543885367067, 134.60546625972034, 133.36983114737785, 122.22636826608927, 133.36983114737785, 47.836893347846356, 48.74010353401079, 48.4882194123855, 47.674549958297774, 85.15982828491205, 96.30329116620064, 104.0450530458559)","(1492.99416941475, 1313.90725256763, 1324.60347784818, 2038.19106785017, 2281.56822180618, 2042.20516163343, 1494.77132392505, 1489.24221926186, 1494.65254608013, 5608.66972152560, 5297.22722201053, 5841.13465215393, 10636.4822376959, 10432.7566637131, 10636.4813581485, 1362.09988785793, 1334.73851648548, 1325.20633603586, 1325.20553031017, 2019.53917043215, 2046.89923202341, 2250.62241040844, 2046.89810763905, 1498.08736619023, 1491.30890882570, 1515.17679771892, 1534.60277019506, 5500.92715273212, 5297.20781358765, 5610.03384614568)"
0.7894736842105263,3074.5378274769137,40.0543212890625,"(120.43872269922272, 113.05500315245426, 113.05500315245426, 136.68436915929485, 136.68436915929485, 136.68436915929485, 49.83364353706294, 49.87602492016016, 50.16111764147394, 106.1239559454304, 99.61782917811763, 106.1239559454304, 155.12134484087642, 165.25245376608015, 165.25245376608015, 113.05500315245426, 113.05500315245426, 113.05500315245426, 113.05500315245426, 136.68436915929485, 136.68436915929485, 136.68436915929485, 136.68436915929485, 50.19676166272045, 50.236693437295365, 50.34280101527098, 50.42915139085068, 99.61782917811763, 99.61782917811763, 106.1239559454304)","(108.74676852958665, 111.55410433106113, 111.42457201198623, 133.676011438822, 127.55205663270189, 133.532728968821, 47.75474063748844, 48.22646062137658, 48.491278282111075, 104.09013221741499, 96.18500080688624, 91.66595505222482, 140.66334394767085, 161.81962539484874, 150.79445287287456, 109.62217478122287, 110.97610025287976, 111.40543885367067, 111.40543885367067, 134.60546625972034, 133.25154078806344, 122.22636826608927, 133.25154078806344, 48.11785876314595, 48.587129138511784, 48.26389811569648, 46.99632301961928, 85.15982828491205, 96.18500080688624, 104.0450530458559)","(1716.47912913408, 1363.46371356512, 1374.28347049152, 2032.63386008236, 2153.87819767241, 2036.87619958103, 1468.73593737669, 1461.74141479614, 1475.69752556237, 5509.39769950569, 5205.40935362978, 5753.71518513178, 10496.7840265780, 10948.0209983954, 11162.3488050917, 1413.41007488127, 1384.84620512712, 1374.90457548088, 1374.90376975519, 2013.18716637717, 2041.74973168469, 2256.07603417026, 2041.74860530317, 1487.42842498665, 1480.58654647250, 1495.00112347928, 1522.96759410481, 5419.71241170723, 5205.38989743976, 5510.80875130672)"
0.8421052631578947,3074.5378274769137,41.961669921875,"(113.05500315245426, 113.05500315245426, 113.05500315245426, 128.30467989301465, 136.68436915929485, 136.68436915929485, 49.57972878373061, 49.51264362178084, 49.595025104946245, 99.61782917811763, 99.61782917811763, 106.1239559454304, 155.12134484087642, 165.25245376608015, 165.25245376608015, 120.43872269922272, 120.43872269922272, 120.43872269922272, 113.05500315245426, 136.68436915929485, 136.68436915929485, 136.68436915929485, 136.68436915929485, 49.7083258977073, 49.855689088616906, 49.91704019509229, 49.953114346261536, 99.61782917811763, 99.61782917811763, 106.1239559454304)","(101.36304898281819, 111.50263182807602, 111.42457201198623, 125.2963221725418, 127.55205663270189, 133.42464000549168, 47.447992782728015, 47.83048775272172, 47.891441715133574, 97.58400545010223, 96.18500080688624, 90.78928606258415, 139.78667495803018, 161.81962539484874, 149.9177838832339, 117.00589432799133, 118.30698669822013, 118.7565668301636, 111.37284728339515, 134.55263315829225, 133.25154078806344, 121.3496992764486, 133.25154078806344, 47.576589896704704, 48.17353321955779, 47.7853041940897, 46.520285975030184, 84.28315929527139, 96.18500080688624, 103.9922199444278)","(1689.79089085719, 1403.72997402024, 1414.72606285073, 1781.61542647888, 2025.12921095285, 1896.76800600053, 1452.06255406661, 1437.81638678256, 1442.79859435442, 5313.35419035160, 5346.01413630237, 5924.96115485823, 10229.3470826268, 10639.3745571363, 10875.5883060743, 1546.05041217064, 1514.94318228761, 1504.16397775919, 1415.40309177778, 1871.02386597797, 1902.12984165366, 2138.34196385739, 1902.12871527214, 1458.66479391206, 1455.45159867527, 1469.33654890084, 1503.51221336941, 5582.20247766635, 5345.99468011235, 5657.62549639318)"
0.894736842105263,3074.5378274769137,41.961669921875,"(113.05500315245426, 120.43872269922272, 120.43872269922272, 128.30467989301465, 136.68436915929485, 136.68436915929485, 49.57972878373061, 49.51264362178084, 49.595025104946245, 99.61782917811763, 99.61782917811763, 106.1239559454304, 155.12134484087642, 165.25245376608015, 165.25245376608015, 120.43872269922272, 120.43872269922272, 120.43872269922272, 120.43872269922272, 136.68436915929485, 136.68436915929485, 136.68436915929485, 136.68436915929485, 49.7083258977073, 49.855689088616906, 49.91704019509229, 49.953114346261536, 99.61782917811763, 99.61782917811763, 106.1239559454304)","(101.36304898281819, 118.88635137484448, 118.80829155875469, 125.2963221725418, 127.55205663270189, 133.42464000549168, 47.447992782728015, 47.83048775272172, 47.891441715133574, 97.58400545010223, 96.18500080688624, 90.78928606258415, 139.78667495803018, 161.81962539484874, 149.9177838832339, 117.00589432799133, 118.30698669822013, 118.7565668301636, 118.7565668301636, 134.55263315829225, 133.25154078806344, 121.3496992764486, 133.25154078806344, 47.576589896704704, 48.17353321955779, 47.7853041940897, 46.520285975030184, 84.28315929527139, 96.18500080688624, 103.9922199444278)","(1689.04394540826, 1491.69325491251, 1502.68924752892, 1781.61542647888, 2025.12921095285, 1896.76800600053, 1452.06255406661, 1437.81638678256, 1442.79859435442, 5313.35419035160, 5346.01413630237, 5924.96115485823, 10229.3470826268, 10639.3745571363, 10875.5883060743, 1545.25468307165, 1514.14745318862, 1503.36824866020, 1503.36753959735, 1871.02386597797, 1902.12984165366, 2138.34196385739, 1902.12871527214, 1458.66479391206, 1455.45159867527, 1469.33654890084, 1503.51221336941, 5582.20247766635, 5345.99468011235, 5657.62549639318)"
0.9473684210526315,3074.5378274769137,43.392181396484375,"(120.43872269922272, 128.30467989301465, 120.43872269922272, 128.30467989301465, 128.30467989301465, 128.30467989301465, 49.419446527180924, 49.54535327909679, 49.54813042221957, 99.61782917811763, 99.61782917811763, 106.1239559454304, 165.25245376608015, 155.12134484087642, 165.25245376608015, 120.43872269922272, 120.43872269922272, 120.43872269922272, 120.43872269922272, 136.68436915929485, 136.68436915929485, 136.68436915929485, 136.68436915929485, 49.47696622948706, 49.4450658708182, 49.35358316861756, 49.44393083551218, 99.61782917811763, 99.61782917811763, 106.1239559454304)","(108.3118088041074, 126.75230856863641, 118.77677554346116, 125.19701919205978, 118.68739780396861, 125.0449507392115, 47.28771052617833, 47.86319741003767, 47.8445470324069, 97.53375997384677, 96.06248948180128, 90.78928606258415, 149.9177838832339, 151.56600514456005, 149.9177838832339, 116.88338300290637, 118.30698669822013, 118.7565668301636, 118.7565668301636, 134.55263315829225, 133.1290294629785, 121.3496992764486, 133.1290294629785, 47.34523022848447, 47.76291000175908, 47.22184716761497, 45.888591139195825, 84.28315929527139, 96.06248948180128, 103.9922199444278)","(1868.10155446643, 1666.45931658095, 1578.31618184631, 1817.43133609136, 1959.67236746821, 1822.33154685064, 1441.37294157357, 1436.44388606289, 1437.36081720295, 5173.81084211889, 5208.48119939513, 5795.08603937411, 10661.1300858455, 9776.20119365355, 10661.1291959814, 1623.48319262851, 1590.45392259421, 1579.03158852829, 1579.03087946544, 1907.61928852861, 1940.64730560545, 2193.82433482452, 1940.64617714988, 1444.23978726375, 1429.04519119899, 1437.90666028296, 1475.63666126975, 5461.63445117814, 5208.46169354736, 5508.86343249258)"
1.0,3074.5378274769137,44.345855712890625,"(128.30467989301465, 128.30467989301465, 128.30467989301465, 128.30467989301465, 128.30467989301465, 128.30467989301465, 49.69946798075585, 49.29123903999097, 49.20710920547177, 99.61782917811763, 99.61782917811763, 106.1239559454304, 155.12134484087642, 155.12134484087642, 165.25245376608015, 128.30467989301465, 120.43872269922272, 120.43872269922272, 120.43872269922272, 128.30467989301465, 136.68436915929485, 136.68436915929485, 136.68436915929485, 49.10386663754448, 49.11058893833227, 49.15325399956504, 49.253422377631104, 99.61782917811763, 99.61782917811763, 106.1239559454304)","(116.17776599789933, 126.69907046831989, 126.64273273725308, 125.19701919205978, 118.68739780396861, 125.0449507392115, 47.567731979753255, 47.609083170931854, 47.469100066820694, 97.53375997384677, 96.06248948180128, 89.85945886331228, 138.8568477587583, 151.56600514456005, 148.98795668396204, 124.7493401966983, 118.30698669822013, 118.7565668301636, 118.7565668301636, 126.17294389201206, 133.1290294629785, 120.41987207717673, 133.1290294629785, 46.972130636541884, 47.428433069273154, 47.021517998562445, 45.69808268131475, 83.35333209599952, 96.06248948180128, 103.9922199444278)","(1969.20620207597, 1658.22383740360, 1669.43980021319, 1805.54948928858, 1953.99857939277, 1810.59472382567, 1454.00943412631, 1425.28984426096, 1417.86080307282, 5080.79540024931, 5116.86887040629, 5709.07907511103, 10525.2667793276, 10260.2770837897, 11188.4093059668, 1716.41339704753, 1583.33499027464, 1571.48390318372, 1571.48319412086, 1782.16006659460, 1928.22282354976, 2193.20997060149, 1928.22169509419, 1423.63931477113, 1412.12639545199, 1426.12699192144, 1465.59054343978, 5381.83165049011, 5116.84936455852, 5409.68872322551)"
