Percentage of BAU,Emission Cap,Permit Price,Outputs,Emissions,Profits
0.0,0.0,1000000000000.0,"(31.623776600683794, 74.99042093224558, 14.252026702029976, 65.7943224647568, 406.15959883669814, 74.99042093224558, 29.068965370321294, 15.014107288081737, 15.849931923611136)","(0.0009999990000011394, 0.0009999990000011394, 0.000999998999999363, 0.0009999990000011394, 0.0009999989999869285, 0.0009999990000011394, 0.0009999990000011394, 0.000999998999999363, 0.000999998999999363)","(3161277563648.53, 7497997100737.22, 1424171672395.94, 3288695130468.40, 20306958981504.2, 3748505054729.28, 2905855543496.17, 1500359732571.67, 1583932196264.02)"
0.0101010101010101,22.630779076264965,218.73347577638924,"(7.630789462800997, 3.489988981178892, 3.1325978323884613, 6.398628947732095, 26.705736079720992, 6.783839562234995, 8.611890987983053, 8.091049322028853, 8.587421743375788)","(1.0009999990000003, 1.0009999989999998, 1.0009999989999998, 1.0009999990000003, 1.0009999990000011, 1.0009999989999994, 5.000999994999999, 5.6032600102040675, 5.994301941840494)","(407.164532361920, 68.9682161100289, 77.2231772721333, 504.561386976637, 2202.52713280141, 556.091230206160, 599.647167122780, 443.023579264517, 453.402001215537)"
0.0202020202020202,45.26155815252993,211.45751816220584,"(7.630789462800997, 3.489988981178892, 3.0921771174958157, 6.398628947732095, 26.705736079720992, 6.783839562234995, 15.835769023567714, 15.878324527912895, 15.826843455525443)","(1.0009999990000003, 1.0009999989999998, 1.0009999989999998, 1.0009999990000003, 1.0009999990000011, 1.0009999989999994, 12.22487803058466, 13.390535216088109, 13.285086750576449)","(408.926480053560, 73.7262552694068, 82.2520245405445, 509.516812890529, 2200.09487617735, 560.906517314869, 619.509870177138, 471.359812295419, 480.619848908898)"
0.0303030303030303,67.89233722879489,202.817318495363,"(7.630789462800997, 3.489988981178892, 3.0921771174958157, 6.398628947732095, 26.705736079720992, 6.783839562234996, 23.13300016894529, 23.40319707303956, 23.416917936884676)","(1.0009999990000003, 1.0009999989999998, 1.0009999989999998, 1.0009999990000003, 1.0009999990000011, 1.0009999990000003, 19.61160050186041, 20.963610933137133, 20.87516123193568)","(410.982165454006, 79.3596749640296, 88.2291616283734, 515.401381163277, 2197.20657143628, 566.624670756462, 671.764091382659, 534.508575908189, 544.235976377658)"
0.0404040404040404,90.52311630505986,192.8128767758608,"(7.630789462800997, 3.489988981178892, 3.0921771174958157, 6.398628947732095, 26.705736079720992, 6.783839562234996, 30.63434717504998, 30.69783233108699, 31.14913218776761)","(1.0009999990000003, 1.0009999989999998, 1.0009999989999998, 1.0009999990000003, 1.0009999990000011, 1.0009999990000003, 27.200220912407907, 28.25824619118456, 28.65772070511626)","(413.362432759784, 85.8825819788560, 95.1500572037541, 522.215091794879, 2193.86221857820, 573.245690530937, 770.008369012927, 642.120782673857, 654.720741648351)"
0.0505050505050505,113.15389538132484,181.89894035458565,"(8.630789461800996, 3.489988981178892, 3.0921771174958157, 6.398628947732095, 26.705736079720992, 6.783839562234996, 37.411037098460866, 37.98512709068598, 38.43086966899895)","(2.0009999979999993, 1.0009999989999998, 1.0009999989999998, 1.0009999990000003, 1.0009999990000011, 1.0009999990000003, 33.97691083581881, 35.59281007815591, 35.98880570579426)","(424.790948259459, 92.6494816427158, 102.390907392729, 529.648230665717, 2190.21383364211, 580.468621194001, 909.469907508088, 802.463808496288, 818.579709765787)"
0.0606060606060606,135.78467445758977,169.62076188065112,"(8.630789461800996, 3.489988981178892, 3.0921771174958157, 6.398628947732095, 26.705736079720992, 6.783839562234996, 45.50358918127992, 45.26424046501098, 45.415082769442094)","(2.0009999979999993, 1.0009999989999998, 1.0009999989999998, 1.0009999990000003, 1.0009999990000011, 1.0009999990000003, 42.154573996349335, 42.9182766345006, 43.02138911785057)","(438.762546022951, 100.654867524548, 110.884733780696, 538.010511895411, 2186.10940058901, 588.594418189949, 1135.16015777182, 1024.79711944952, 1033.92101478159)"
0.0707070707070707,158.41545353385476,157.79733075760305,"(8.630789461800996, 3.4074557442614934, 3.0921771174958157, 7.2261531399763275, 26.4095240706544, 7.783839561234995, 51.94774362930243, 51.80221186645557, 52.076378623045066)","(2.0009999979999993, 1.0009999989999998, 1.0009999989999998, 2.0009999979999993, 2.000999998000001, 2.0009999979999993, 48.68173016792863, 49.501703021097455, 49.68268497145354)","(452.287909901753, 108.425874709009, 119.089494744809, 555.983067108313, 2186.03932291917, 602.554818384253, 1371.57709162296, 1278.59539987855, 1292.65659047723)"
0.0808080808080808,181.0462326101197,151.43086784519255,"(8.630789461800996, 3.4074557442614934, 3.0921771174958157, 11.591535594779637, 27.4095240696544, 11.783839557234995, 55.349058704665474, 55.35176789879398, 55.298350568484786)","(2.0009999979999993, 1.0009999989999998, 1.0009999989999998, 6.366382452803309, 3.000999997000001, 6.000999993999999, 52.163989268545166, 53.051259053435864, 52.952069371901935)","(459.532442075416, 112.629360015813, 123.493701020052, 568.792937471069, 2169.47477098950, 613.104938423370, 1527.37219890114, 1438.23244612875, 1441.97274355091)"
0.0909090909090909,203.67701168638467,148.2476363889873,"(8.630789461800996, 3.4074557442614934, 3.0921771174958157, 20.484632507880853, 28.4095240686544, 21.822500669461256, 56.75495303196084, 56.991529271475564, 57.10080771200887)","(2.0009999979999993, 1.0009999989999998, 1.0009999989999998, 15.259479365904525, 4.000999996000001, 16.039661106226262, 53.56988359584053, 54.7355946204275, 54.75452651542602)","(463.154708162247, 114.731102669215, 125.695804157673, 583.131231739208, 2123.09755143985, 628.214653391492, 1595.97302399338, 1518.78126402158, 1528.05375694742)"
0.101010101010101,226.3077907626497,145.51915228366852,"(8.46174829437667, 3.4074557442614934, 3.0921771174958157, 28.106708588140673, 30.4095240666544, 29.942381496283975, 58.27496483396731, 58.28511319024317, 58.486156908460934)","(2.0009999979999993, 1.0009999989999998, 1.0009999989999998, 22.881555446164345, 6.000999994000001, 24.351291546128373, 55.089895397847, 56.0291785393292, 56.18634927830717)","(466.257336928163, 116.590196401827, 127.635591655759, 607.863260172080, 2086.25030706329, 654.148430851037, 1668.13545523126, 1587.34707073898, 1598.75134890377)"
0.1111111111111111,248.93856983891465,143.2454155292362,"(8.46174829437667, 3.4074557442614934, 3.0921771174958157, 33.98122398334298, 33.98122398334298, 36.20056566813436, 59.43736457955958, 59.56654619486953, 59.222091375008816)","(2.0009999979999993, 1.0009999989999998, 1.0009999989999998, 28.75607084136665, 9.57269991068858, 30.60947571797876, 56.25229514343927, 57.310611543821466, 56.92228374485505)","(468.883105358866, 118.091441154257, 129.208522468345, 633.132703894403, 2061.52155226821, 681.006487817358, 1727.35479278838, 1651.81245603297, 1656.34594311229)"
0.1212121212121212,271.56934891517955,140.5169314239174,"(8.46174829437667, 4.407455743261494, 3.0921771174958157, 41.08356010355162, 41.08356010355162, 41.08356010355162, 61.100953922302935, 60.69026078513096, 60.572758010719994)","(2.0009999979999993, 2.000999998, 1.0009999989999998, 36.025372145253975, 17.905883321713553, 35.49247015339602, 57.9948224232651, 58.434326134082895, 58.27295038056623)","(471.187852647119, 121.420925319097, 130.786821732009, 672.166280647138, 2049.37449881903, 710.920693588515, 1811.79876519516, 1719.53069986394, 1729.58064891933)"
0.1313131313131313,294.20012799144456,137.78844731859863,"(8.46174829437667, 4.407455743261494, 3.0921771174958157, 46.62520889213733, 46.62520889213733, 49.67034178667835, 62.05795701294513, 62.12075878141649, 62.399471963518145)","(2.0009999979999993, 2.000999998, 1.0009999989999998, 41.567020933839686, 23.447532110299264, 44.07925183652275, 58.951825513907295, 59.864824130368426, 60.09966433336438)","(474.338774763964, 125.678054714345, 132.674338707113, 710.697520432485, 2038.48916755430, 762.642007847598, 1870.40520121616, 1797.65104890494, 1813.74454925822)"
0.1414141414141414,316.8309070677095,135.05996321327984,"(8.46174829437667, 4.407455743261494, 3.0921771174958157, 56.370236927754746, 52.9143547912282, 52.9143547912282, 63.634967268975785, 63.551968598605676, 63.511383878988205)","(2.0009999979999993, 2.000999998, 1.0009999989999998, 51.3120489694571, 29.736678009390133, 47.50865592817155, 60.52883576993795, 61.33974441689675, 61.21157624883444)","(477.489696880808, 129.935184109592, 134.561855682217, 781.206604795675, 2040.65476791168, 798.320886393404, 1957.18796975974, 1882.77278269672, 1883.43124389389)"
0.1515151515151515,339.4616861439745,132.78622645884752,"(8.46174829437667, 4.407455743261494, 4.092177116495815, 60.05182554182782, 60.05182554182782, 60.05182554182782, 64.49842885015605, 64.68037279512755, 64.55531186925425)","(2.0009999979999993, 2.000999998, 2.0009999979999993, 54.99363758353017, 36.87414875998975, 54.64612667877117, 61.39229735086604, 62.468148613418634, 62.30105750960202)","(479.269290482920, 133.042046365080, 137.069411179931, 811.739150310907, 2048.90981891735, 846.978451031760, 2012.34215511645, 1947.38938757642, 1955.78001921613)"
0.1616161616161616,362.0924652202394,130.5124897044152,"(8.46174829437667, 4.407455743261494, 4.092177116495815, 63.9738617073243, 63.9738617073243, 68.15205021430171, 65.74126233029943, 65.67385198876094, 65.80372643373377)","(2.0009999979999993, 2.000999998, 2.0009999979999993, 59.077304374672266, 41.96496421907151, 62.74635135124507, 62.71211296505487, 63.461627807052025, 63.54947207383871)","(481.895058913624, 136.589654194453, 140.688705069460, 859.613394082958, 2057.51065755329, 920.522068299067, 2084.50598606146, 2011.82272907687, 2022.29253682020)"
0.1717171717171717,384.7232442965045,128.23875294998288,"(8.46174829437667, 4.407455743261494, 4.052523030010587, 68.15205021430171, 72.60311987306747, 72.60311987306747, 66.71070921819415, 66.84813358908633, 66.89899222907077)","(2.0009999979999993, 2.000999998, 2.000999998, 63.25549288164967, 50.59422238481468, 67.19742101001083, 63.68155985294959, 64.63590940737741, 64.64473786932994)","(484.554381634196, 140.154739386948, 144.309226087198, 904.825745681951, 2094.25041049717, 968.256469854303, 2146.72042860073, 2084.94477322858, 2092.13499846114)"
0.1818181818181818,407.35402337276935,125.05552149377765,"(8.46174829437667, 4.407455743261494, 4.052523030010587, 77.34489251697599, 77.34489251697599, 77.34489251697599, 68.23070369037411, 68.34484522699799, 68.37738165389506)","(2.0009999979999993, 2.000999998, 2.000999998, 72.44833518432395, 55.3359950287232, 72.11843706736511, 65.20155432512955, 66.1754845262559, 66.12312729431258)","(488.230457437181, 145.121390348070, 149.388860346086, 1041.53883210618, 2146.05750459524, 1073.14291292635, 2245.00810177940, 2183.44735515456, 2190.70547430614)"
0.1919191919191919,429.9848024490343,122.78178473934533,"(9.461748293376672, 4.407455743261494, 4.052523030010587, 82.39635477786521, 82.39635477786521, 82.39635477786521, 69.0200744536137, 69.53599260786896, 69.54280002768368)","(3.000999997000001, 2.000999998, 2.000999998, 77.65626328688944, 61.49729952023108, 77.16989932825433, 65.99092508852482, 67.36663190712687, 67.33319686602091)","(491.585583438984, 148.228252603557, 152.611918228410, 1123.90410508128, 2190.63593469234, 1154.75362305662, 2302.06935561753, 2263.00601995002, 2267.15368406686)"
0.202020202020202,452.6155815252993,120.05330063402651,"(9.461748293376672, 4.407455743261494, 4.052523030010587, 87.7777321537076, 87.7777321537076, 93.51057233111973, 70.40484692302643, 70.62337694051996, 70.84388224011252)","(3.000999997000001, 2.000999998, 2.000999998, 83.03764066273183, 66.87867689607347, 88.28411688150885, 67.4507718012058, 68.45401623977787, 68.63427907853745)","(497.192141248160, 152.485381998805, 156.965890450314, 1192.95177472808, 2215.59452942135, 1274.31513676643, 2397.21417663002, 2342.25832219745, 2357.21168731103)"
0.2121212121212121,475.2463606015642,117.32481652870774,"(9.461748293376672, 4.407455743261494, 4.052523030010587, 93.51057233111973, 99.61782917811763, 93.51057233111973, 71.59099395940451, 72.06463724406684, 72.00847316418908)","(3.000999997000001, 2.000999998, 2.000999998, 88.77048084014396, 78.7187739204835, 88.28411688150885, 68.63691883782076, 69.89527654332475, 69.79887000284387)","(502.798699057335, 156.742511394052, 161.319862672217, 1309.91903826950, 2348.79779246350, 1338.11429938737, 2488.27304442840, 2441.65971286295, 2443.49634817929)"
0.2222222222222222,497.8771396778292,114.59633242338896,"(9.461748293376672, 5.407455742261494, 4.052523030010587, 99.61782917811763, 99.61782917811763, 106.1239559454304, 73.02297710977402, 72.77247905246949, 73.478224746568)","(3.000999997000001, 3.000999997, 2.000999998, 94.87773768714186, 79.77265032611233, 101.0708006406108, 70.06890198820878, 70.64515125661177, 71.26862158499293)","(507.459082038120, 161.078547876616, 165.268582591525, 1429.03510806429, 2364.70772596366, 1525.32032840093, 2577.75947474518, 2521.01443189527, 2546.22487151593)"
0.2323232323232323,520.5079187540942,112.7773430198431,"(10.46174829237667, 5.407455742261494, 5.052523029010587, 106.1239559454304, 106.1239559454304, 106.1239559454304, 73.81376495476161, 73.92000631988687, 74.08367502388576)","(4.000999995999999, 3.000999997, 3.000999997, 101.53533006471322, 86.27877709342509, 101.0708006406108, 70.93290290897193, 71.79267852402914, 71.91783885203695)","(510.569487410809, 164.472233454298, 167.930338121479, 1534.83801409571, 2442.85409026079, 1561.42394412180, 2636.60351801390, 2585.34172731430, 2598.93421805209)"
0.2424242424242424,543.1386978303591,109.59411156363784,"(11.46174829137667, 6.407455741261493, 5.092719849008757, 113.05500315245426, 113.05500315245426, 113.05500315245426, 75.55608647957503, 75.53193545337516, 75.19852987246115)","(5.000999994999999, 4.000999995999999, 3.0411968169981707, 108.46637727173709, 93.20982430044896, 108.00184784763466, 72.67522443378535, 73.40460765751743, 73.03269370061234)","(519.158560173153, 172.212405026344, 174.894123186025, 1703.45115949050, 2562.90224102619, 1728.55832725318, 2760.38145227098, 2705.38497943588, 2692.71700327942)"
0.2525252525252525,565.7694769066242,107.32037480920552,"(12.461748290376672, 8.448103572958985, 8.052523026010586, 120.43872269922272, 120.43872269922272, 120.43872269922272, 64.24935119141587, 71.61141549352884, 79.70903991879902)","(6.000999993999999, 6.041647827697492, 6.000999993999999, 115.85009681850555, 101.59427591153634, 115.55312205626836, 61.27012574893111, 69.46975346385102, 77.50548808520271)","(522.782825507484, 178.462683217077, 181.531330267732, 1774.76239605227, 2600.41781892283, 1799.07968990453, 2979.69473496962, 3123.76866313097, 3381.68937769055)"
0.2626262626262626,588.4002559828891,106.4108801074326,"(13.46174828937667, 10.2138231807529, 9.587644335365333, 120.43872269922272, 120.43872269922272, 120.43872269922272, 76.76809140782778, 76.764510701913, 76.88584168287127)","(7.000999992999999, 7.887164120665118, 7.536121303354746, 115.85009681850555, 101.59427591153633, 115.55312205626835, 73.8872293620381, 74.67840133046914, 74.72000551102246)","(523.388219155010, 181.609434851801, 184.485971038662, 1874.65052629942, 2687.34035558567, 1898.69772317886, 2861.00703049542, 2810.42246674994, 2818.23869043122)"
0.2727272727272727,611.0310350591541,101.86340659856796,"(20.484632507880853, 20.484632507880853, 21.822500669461256, 128.30467989301465, 136.68436915929485, 136.68436915929485, 7.270761003380961, 6.355376872091504, 159.58913792229126)","(14.18861518393948, 18.157973447793072, 19.809880219356685, 123.8626797315249, 117.83992237160845, 131.79876851634046, 4.00478863150755, 4.009397309163216, 157.4662020411798)","(525.571019172742, 204.184193264040, 211.555231404932, 1991.35472049878, 2848.10345907599, 2122.93807214915, 657.959188171657, 557.115862411684, 10183.9564512975)"
0.2828282828282829,633.661814135419,101.86340659856796,"(20.484632507880853, 20.484632507880853, 21.822500669461256, 128.30467989301465, 136.68436915929485, 136.68436915929485, 7.270761003380961, 6.355376872091504, 159.58913792229126)","(14.18861518393948, 18.157973447793072, 19.809880219356685, 123.8626797315249, 117.83992237160845, 131.79876851634046, 4.00478863150755, 4.009397309163216, 157.4662020411798)","(525.571019172742, 204.184193264040, 211.555231404932, 1991.35472049878, 2848.10345907599, 2122.93807214915, 657.959188171657, 557.115862411684, 10183.9564512975)"
0.2929292929292929,656.2925932116839,101.86340659856796,"(20.484632507880853, 20.484632507880853, 21.822500669461256, 128.30467989301465, 136.68436915929485, 136.68436915929485, 7.270761003380961, 6.355376872091504, 159.58913792229126)","(14.18861518393948, 18.157973447793072, 19.809880219356685, 123.8626797315249, 117.83992237160845, 131.79876851634046, 4.00478863150755, 4.009397309163216, 157.4662020411798)","(525.571019172742, 204.184193264040, 211.555231404932, 1991.35472049878, 2848.10345907599, 2122.93807214915, 657.959188171657, 557.115862411684, 10183.9564512975)"
0.303030303030303,678.923372287949,100.0444171950221,"(24.766079242393324, 24.766079242393324, 24.766079242393324, 136.68436915929485, 136.68436915929485, 136.68436915929485, 79.5533404808461, 79.63028264129579, 79.62645146649527)","(18.47006191845195, 22.439420182305543, 22.753458792288754, 132.2423689978051, 118.7901909107824, 131.96076757395423, 76.74387702378593, 77.54417326985194, 77.50351558538384)","(535.119759004753, 220.791434688044, 225.976049294105, 2214.39275998596, 2936.55751878300, 2235.88476016088, 3086.05022113577, 3044.24580716874, 3047.83999664188)"
0.3131313131313131,701.5541513642139,98.68017514236271,"(28.106708588140673, 28.106708588140673, 28.106708588140673, 145.6113425005262, 136.68436915929485, 136.68436915929485, 80.33171242499667, 80.2551193840774, 80.06631647443982)","(21.8106912641993, 25.857200397232198, 26.094088138036106, 141.16934233903646, 118.7901909107824, 131.96076757395423, 77.52224896793649, 78.20942973764343, 77.94338059332838)","(541.407538353595, 232.444804345630, 238.038387654029, 2391.61627262182, 2967.27479248470, 2284.56988840426, 3147.05963061986, 3097.89354430284, 3090.60729608242)"
0.3232323232323232,724.1849304404789,97.7706804405898,"(29.942381496283975, 29.942381496283975, 29.942381496283975, 136.68436915929485, 145.6113425005262, 145.6113425005262, 80.81810429854367, 80.09640751494031, 80.76389950258704)","(23.6463641723426, 27.6928733053755, 27.929761046179408, 132.38430947854897, 127.71716425201376, 140.8877409151856, 78.0086408414835, 78.05071786850635, 78.6409636214756)","(548.791385136464, 243.485227304514, 249.292191383657, 2255.55693047745, 3074.97864523329, 2404.25222534149, 3184.67030580982, 3100.12437244114, 3141.68598259640)"
0.3333333333333333,746.8157095167438,95.95169103704391,"(33.98122398334298, 33.98122398334298, 33.98122398334298, 145.6113425005262, 145.6113425005262, 145.6113425005262, 81.14905551730308, 81.36318650474949, 81.52715641407012)","(27.845737936962408, 31.731715792434503, 31.968603533238408, 141.31128281978033, 127.71716425201376, 140.8877409151856, 78.40922164410809, 79.31749685831554, 79.44627065832432)","(564.077805650272, 266.074862242920, 272.309393632320, 2497.26873416491, 3164.06468193809, 2517.29540143519, 3227.26095602860, 3199.34362419414, 3209.50839822185)"
0.3434343434343435,769.4464885930089,94.58744898438454,"(36.20056566813436, 36.20056566813436, 38.56485545816618, 145.6113425005262, 145.6113425005262, 155.12134484087642, 81.97166726008255, 82.48807936524297, 81.65963568969418)","(30.065079365079367, 33.95105747722589, 36.55223500806161, 141.31128281978033, 128.6195131344339, 150.3977432555358, 79.23183338688754, 80.442389718809, 79.57874993394839)","(575.167021746943, 282.452178527539, 297.936236822006, 2541.64265206757, 3189.89705001477, 2708.56815427133, 3292.38748433067, 3255.15779024806, 3232.11668765222)"
0.3535353535353536,792.0772676692739,93.22320693172514,"(41.08356010355162, 38.56485545816618, 41.08356010355162, 155.12134484087642, 155.12134484087642, 155.12134484087642, 82.62821751620831, 82.52607441473236, 82.4038880766859)","(34.94807405717105, 36.31534726725771, 39.10910439841292, 150.82128516013057, 138.1295154747841, 150.55437033248592, 79.8883836430133, 80.4803847682984, 80.3230023209401)","(595.578283143534, 298.000377289398, 315.062819334725, 2589.25404651723, 3220.19383695406, 2608.22992844615, 3348.37790810972, 3300.08514786472, 3302.59213399398)"
0.3636363636363636,814.7080467455387,87.31149137020111,"(52.9143547912282, 52.9143547912282, 52.9143547912282, 165.25245376608015, 165.25245376608015, 165.25245376608015, 7.267013457373799, 6.301508841358116, 171.79051594259917)","(46.93530683077662, 50.73943882507092, 50.9398990860895, 161.08979903841788, 149.11747009362216, 160.68547925768965, 4.000999995999999, 4.000999995999999, 169.75084637889972)","(687.623683989292, 423.220556838127, 431.428169252063, 3141.14398453300, 3697.50005155193, 3158.02262542351, 670.517737903348, 575.207615995206, 12330.9146184333)"
0.3737373737373737,837.3388258218037,87.31149137020111,"(52.9143547912282, 52.9143547912282, 52.9143547912282, 165.25245376608015, 165.25245376608015, 165.25245376608015, 7.267013457373799, 6.301508841358116, 171.79051594259917)","(46.93530683077662, 50.73943882507092, 50.9398990860895, 161.08979903841788, 149.11747009362216, 160.68547925768965, 4.000999995999999, 4.000999995999999, 169.75084637889972)","(687.623683989292, 423.220556838127, 431.428169252063, 3141.14398453300, 3697.50005155193, 3158.02262542351, 670.517737903348, 575.207615995206, 12330.9146184333)"
0.3838383838383838,859.9696048980686,87.31149137020111,"(52.9143547912282, 52.9143547912282, 52.9143547912282, 165.25245376608015, 165.25245376608015, 165.25245376608015, 7.267013457373799, 6.301508841358116, 171.79051594259917)","(46.93530683077662, 50.73943882507092, 50.9398990860895, 161.08979903841788, 149.11747009362216, 160.68547925768965, 4.000999995999999, 4.000999995999999, 169.75084637889972)","(687.623683989292, 423.220556838127, 431.428169252063, 3141.14398453300, 3697.50005155193, 3158.02262542351, 670.517737903348, 575.207615995206, 12330.9146184333)"
0.393939393939394,882.6003839743337,87.31149137020111,"(52.9143547912282, 52.9143547912282, 52.9143547912282, 165.25245376608015, 165.25245376608015, 165.25245376608015, 7.267013457373799, 6.301508841358116, 171.79051594259917)","(46.93530683077662, 50.73943882507092, 50.9398990860895, 161.08979903841788, 149.11747009362216, 160.68547925768965, 4.000999995999999, 4.000999995999999, 169.75084637889972)","(687.623683989292, 423.220556838127, 431.428169252063, 3141.14398453300, 3697.50005155193, 3158.02262542351, 670.517737903348, 575.207615995206, 12330.9146184333)"
0.4040404040404041,905.2311630505986,85.94724931754172,"(56.370236927754746, 56.370236927754746, 56.370236927754746, 176.04523429126368, 165.25245376608015, 176.04523429126368, 85.70148275158387, 85.56489032095475, 85.67326840019254)","(50.391188967303165, 54.19532096159747, 54.433221568293625, 171.8825795636014, 149.11747009362216, 171.6296930170842, 83.02955279438603, 83.55883717732188, 83.63359883649309)","(709.406623304876, 450.189158459161, 458.709748663411, 3172.26155446494, 3532.95346475412, 3188.77517168898, 3630.41922692580, 3589.04090938066, 3590.57290802642)"
0.4141414141414142,927.8619421268636,84.12825991399586,"(60.05182554182782, 60.05182554182782, 60.05182554182782, 176.04523429126368, 176.04523429126368, 176.04523429126368, 86.69208122553724, 86.36227968350092, 86.20859120773329)","(54.072777581376236, 57.949028011308656, 58.114810182366696, 172.01559416382443, 159.9102506188057, 171.6296930170842, 84.0201512683394, 84.39509499654382, 84.16892164403384)","(751.639495852489, 499.417428432525, 508.291097819447, 3278.95522546060, 3797.14656342027, 3294.95478621384, 3718.90873730202, 3662.45852945697, 3653.02226429820)"
0.4242424242424242,950.4927212031284,82.76401786133647,"(63.9738617073243, 63.9738617073243, 63.9738617073243, 176.04523429126368, 176.04523429126368, 176.04523429126368, 86.87768598836097, 86.93668550862903, 86.99648710901641)","(57.99481374687272, 61.87106417680514, 62.03684634786318, 172.01559416382443, 159.9102506188057, 171.6296930170842, 84.2719767862959, 84.96950082167193, 84.99721694660474)","(771.350322996650, 524.413392241354, 533.512853997744, 3501.61771714256, 4003.29443637623, 3517.09081532325, 3747.75866435440, 3717.12134724800, 3724.06771121033)"
0.4343434343434343,973.1235002793936,81.39977580867708,"(63.9738617073243, 68.15205021430171, 68.15205021430171, 176.04523429126368, 187.54290076821835, 176.04523429126368, 87.49011974713605, 87.44658470672913, 87.56891889798842)","(58.14726300842757, 66.04925268378256, 66.2150348548406, 172.01559416382443, 172.22155455074972, 171.6296930170842, 84.88441054507098, 85.47940001977203, 85.56964873557675)","(788.417582771590, 574.680921801807, 584.006223080502, 3521.86926995070, 4223.16283311816, 3536.81590555883, 3800.05804470315, 3771.47193975408, 3780.46552508135)"
0.4444444444444445,995.7542793556584,80.03553375601768,"(68.15205021430171, 68.15205021430171, 72.60311987306747, 187.54290076821835, 187.54290076821835, 187.54290076821835, 87.81596857963457, 88.11247571018438, 88.22357063940866)","(62.32545151540498, 66.04925268378256, 70.70283585782003, 183.5132606407791, 172.22155455074972, 183.27377107356799, 85.2102593775695, 86.14529102322729, 86.22430047699699)","(833.386360114245, 596.680336989629, 637.743625396492, 3543.25744076544, 4014.06087998467, 3557.81090578079, 3845.45750797289, 3833.41710704014, 3842.63387197951)"
0.4545454545454546,1018.3850584319234,77.76179700158536,"(77.34489251697599, 72.60311987306747, 77.34489251697599, 187.54290076821835, 187.54290076821835, 187.54290076821835, 89.00813695482411, 89.22737127032369, 88.88026303551791)","(71.51829381807926, 70.57004903023243, 75.44460850172855, 183.64202438066516, 172.22155455074972, 183.27377107356799, 86.40242775275904, 87.29830244715089, 86.88099287310624)","(901.276734336187, 638.583925036301, 683.054398992515, 3939.28580031421, 4384.32619914670, 3953.20605586870, 3951.06911690301, 3921.44706349934, 3918.82054880473)"
0.4646464646464647,1041.0158375081885,76.39755494892597,"(77.34489251697599, 77.34489251697599, 77.34489251697599, 187.54290076821835, 187.54290076821835, 199.79148991589773, 89.39122468024559, 89.6292541109269, 89.70006614722674)","(71.51829381807926, 75.31182167414094, 75.44460850172855, 183.64202438066516, 172.99416302753815, 195.52236022124737, 86.85009456610751, 87.7001852877541, 87.74039537402825)","(951.618093255948, 728.645804693569, 738.752201515686, 3947.31168310714, 4377.47393667870, 4204.90025369786, 4006.18877154615, 3986.37058570970, 3990.56516227238)"
0.4747474747474748,1063.646616584453,75.48806024715304,"(77.34489251697599, 82.39635477786521, 82.39635477786521, 187.54290076821835, 199.79148991589773, 199.79148991589773, 89.86221497456417, 89.5544159020057, 90.23661237251397)","(71.66685592551829, 80.36328393503017, 80.49607076261778, 183.64202438066516, 185.24275217521753, 195.52236022124737, 87.32108486032381, 87.6253470788329, 88.27694159931549)","(931.586352141236, 751.605679563400, 761.832627330668, 3876.09107366662, 4536.32011866950, 4128.92495180207, 4044.88740136733, 4021.56427026711, 4044.36697614972)"
0.4848484848484848,1086.2773956607182,73.66907084360719,"(82.39635477786521, 87.7777321537076, 82.39635477786521, 199.79148991589773, 199.79148991589773, 199.79148991589773, 90.54323621776511, 90.63705487758456, 90.81439385935191)","(76.71831818640752, 85.74466131087256, 80.53210545017542, 195.89061352834455, 185.24275217521753, 195.66391776426445, 88.00210610356788, 88.70798605441176, 88.85472308615343)","(1009.82678577163, 842.258876759523, 807.318655413668, 4209.27765756277, 4610.38740428785, 4221.90156138518, 4118.89077317249, 4101.98991487797, 4109.62864133386)"
0.494949494949495,1108.9081747369833,72.75957614183426,"(82.39635477786521, 87.7777321537076, 87.7777321537076, 199.79148991589773, 199.79148991589773, 199.79148991589773, 90.8838524027599, 91.01623692112473, 91.19396077608475)","(76.71831818640752, 85.8120755709349, 85.91348282601781, 196.01526325105638, 185.24275217521753, 195.66391776426445, 88.34272228861553, 89.08716809795193, 89.23429000288627)","(1027.76719693417, 865.071543827008, 875.660313249555, 4378.35922056886, 4769.77924085616, 4390.77139284301, 4153.25184601562, 4137.61408360360, 4149.53350390098)"
0.5050505050505051,1131.5389538132483,71.39533408917487,"(93.51057233111973, 87.7777321537076, 87.7777321537076, 199.79148991589773, 199.79148991589773, 212.84004515168886, 91.77627557866438, 91.37385642272977, 91.65528988168784)","(87.83253573966203, 85.8120755709349, 85.91348282601781, 196.01526325105638, 185.976401305796, 208.71247300005558, 89.23514546452002, 89.48216544208117, 89.69561910848935)","(1127.83858292351, 872.606897448987, 883.334010913362, 4371.44425886286, 4748.81503328598, 4656.51121434180, 4235.00953611978, 4192.14584358558, 4201.92675875228)"
0.5151515151515152,1154.1697328895134,70.03109203651547,"(93.51057233111973, 93.51057233111973, 93.51057233111973, 199.79148991589773, 212.84004515168886, 212.84004515168886, 92.18053991703721, 91.68382617777652, 92.45639670187867)","(87.97730984277821, 91.54491574834702, 91.64632300342994, 196.01526325105638, 199.02495654158713, 208.71247300005558, 89.70238790864876, 89.7921351972075, 90.53554114811598)","(1127.75380820526, 928.188164980738, 939.053456032359, 4364.52929715685, 5001.22360234015, 4649.00177136371, 4284.89171815488, 4231.69631469624, 4278.79064124803)"
0.5252525252525253,1176.8005119657782,67.75735528208315,"(99.61782917811763, 93.51057233111973, 99.61782917811763, 212.84004515168886, 212.84004515168886, 212.84004515168886, 93.21744385971779, 93.0529777042489, 93.00211022582783)","(94.08456668977611, 91.61009451329471, 97.78893056899673, 209.0638184868475, 199.02495654158713, 208.84933743418688, 90.73929185132934, 91.16128672350135, 91.08125467206514)","(1251.81984261950, 1000.88696695121, 1071.48214642691, 4810.98172304299, 5151.83134084922, 4821.91382023019, 4385.88601131250, 4352.63729539749, 4352.08990707124)"
0.5353535353535354,1199.431291042043,66.39311322942376,"(99.61782917811763, 99.61782917811763, 99.61782917811763, 226.74081215918238, 212.84004515168886, 212.84004515168886, 93.6281461253343, 93.59126546853071, 93.64892482191468)","(94.08456668977611, 97.71735136029261, 97.78893056899673, 223.08525264320167, 199.72160958848053, 208.84933743418688, 91.14999411694585, 91.7362275025243, 91.72806926815198)","(1305.74451489488, 1119.27584173080, 1130.46046768467, 5087.38500114398, 5113.79097469743, 4796.45261427187, 4431.49436535285, 4413.40978911148, 4418.96773215328)"
0.5454545454545455,1222.0620701183082,65.48361852765083,"(99.61782917811763, 99.61782917811763, 106.1239559454304, 212.84004515168886, 212.84004515168886, 226.74081215918238, 94.26487168636153, 94.08751996630834, 93.51740944620218)","(94.08456668977611, 97.71735136029261, 104.2950573363095, 209.18448563570814, 199.72160958848053, 222.7501044416804, 91.8481383258722, 92.23248200030193, 91.59655389235743)","(1317.44111854213, 1134.27644378858, 1214.02813956787, 4966.52776514816, 5285.75787577818, 5290.16223481637, 4499.53571710734, 4463.68362932197, 4440.57662448630)"
0.5555555555555556,1244.692849194573,64.11937647499144,"(106.1239559454304, 106.1239559454304, 106.1239559454304, 212.84004515168886, 226.74081215918238, 226.74081215918238, 94.5966190737277, 94.47419278791736, 94.52767254446675)","(100.73177612441876, 104.22347812760538, 104.2950573363095, 209.18448563570814, 213.62237659597406, 222.8824306199564, 92.17988571323836, 92.61915482191095, 92.64486356894554)","(1370.75997349385, 1192.39553348125, 1203.74278423512, 4941.52378246023, 5559.97803857457, 5263.48309394341, 4544.12279268443, 4513.40941107410, 4518.53387379817)"
0.5656565656565657,1267.323628270838,61.84563972055912,"(106.1239559454304, 113.05500315245426, 113.05500315245426, 226.74081215918238, 226.74081215918238, 226.74081215918238, 95.21323727258691, 95.61096178771484, 95.46605369696522)","(100.73177612441876, 111.21754250003126, 111.26078479219015, 223.20206272101157, 214.28389979170157, 222.8824306199564, 92.79650391209758, 93.75592382170844, 93.58324472140521)","(1428.55769160052, 1335.26952388839, 1346.72796196779, 5420.03010178639, 5705.61686161914, 5429.29450235294, 4623.79093444184, 4614.02200446557, 4623.37041440266)"
0.5757575757575758,1289.954407347103,60.48139766789973,"(113.05500315245426, 113.05500315245426, 113.05500315245426, 241.54945043799546, 226.74081215918238, 226.74081215918238, 95.98862526019006, 95.9648605302567, 95.99181334012576)","(107.66282333144262, 111.21754250003126, 111.26078479219015, 238.01070099982465, 214.28389979170157, 222.8824306199564, 93.6317879285922, 94.14576534578788, 94.10900436460034)","(1558.69692490278, 1393.21477701996, 1404.73220805279, 5714.47763614484, 5646.71323434179, 5382.12135242258, 4699.69677266241, 4680.02920694325, 4682.85381197386)"
0.5858585858585859,1312.5851864233678,59.5719029661268,"(113.05500315245426, 120.43872269922272, 113.05500315245426, 226.74081215918238, 241.54945043799546, 226.74081215918238, 96.25085500273168, 96.35358146380318, 96.31658604440796)","(107.80030870356859, 118.60126204679972, 111.26078479219015, 223.20206272101157, 229.09253807051465, 223.0103683105544, 93.89401767113382, 94.53448627933436, 94.47107022700177)","(1562.96435715368, 1487.22208680328, 1412.16436603510, 5565.98312251249, 6185.27192148702, 5574.59626092190, 4735.38294055376, 4723.92888633488, 4727.66813971467)"
0.595959595959596,1335.215965499633,57.75291356258094,"(120.43872269922272, 120.43872269922272, 120.43872269922272, 226.74081215918238, 241.54945043799546, 241.54945043799546, 96.96968372433456, 97.00394937869878, 97.15272070530338)","(115.18402825033705, 118.66218930030774, 118.67852734493995, 223.3151398599328, 229.72070289435484, 237.8190065893675, 94.6128463927367, 95.18485419422996, 95.3072048878898)","(1659.33321597103, 1503.25635095071, 1514.84254564076, 5615.64034825100, 6223.14515918978, 5981.49545141052, 4816.39598700791, 4802.47322272884, 4814.16917681548)"
0.6060606060606061,1357.846744575898,55.93392415903509,"(120.43872269922272, 120.43872269922272, 128.30467989301465, 241.54945043799546, 241.54945043799546, 241.54945043799546, 97.94324922627631, 97.75912439372868, 97.67207706371877)","(115.18402825033705, 118.66218930030774, 126.54448453873188, 238.12377813874588, 229.72070289435484, 237.8190065893675, 95.64482303926629, 95.97527551828337, 95.82656124630519)","(1752.20748305677, 1602.45735613017, 1714.29569826819, 6026.75426843407, 6261.33404519253, 6034.41506602120, 4921.37833930133, 4895.83077248392, 4883.37863839651)"
0.6161616161616162,1380.477523652163,54.569682106375694,"(128.30467989301465, 128.30467989301465, 128.30467989301465, 241.54945043799546, 241.54945043799546, 241.54945043799546, 98.22296906842358, 98.08422400682484, 98.54519857772736)","(123.18396571169907, 126.58705314590395, 126.54448453873188, 238.12377813874588, 230.3171898378928, 237.9427022542738, 95.92454288141356, 96.30037513137238, 96.73623741795687)","(1801.12101735782, 1655.94550628580, 1667.58131766140, 6335.13614440487, 6558.64402825387, 6342.54081635322, 4964.09122380696, 4938.60593641710, 4969.88976354114)"
0.6262626262626263,1403.1083027284278,53.2054400537163,"(128.30467989301465, 128.30467989301465, 128.30467989301465, 241.54945043799546, 257.32525385607016, 241.54945043799546, 98.8290544556143, 98.65557938681685, 99.01715653347557)","(123.18396571169907, 126.58705314590395, 126.57786250474324, 238.23324320707252, 246.0929932559675, 237.9427022542738, 96.53062826860427, 96.87173051138367, 97.20819537370508)","(1951.66989960877, 1811.13702352336, 1822.73166997964, 6262.54139410256, 6876.21349708117, 6269.61199640232, 5031.27171536020, 5007.60725188153, 5028.16984063751)"
0.6363636363636365,1425.739081804693,51.386450650170445,"(136.68436915929485, 136.68436915929485, 128.30467989301465, 257.32525385607016, 257.32525385607016, 241.54945043799546, 99.67105516864972, 99.61998449623587, 99.41187857737604)","(131.69421928951184, 134.96674241218415, 126.57786250474324, 254.00904662514722, 246.6594008604917, 238.06229743706706, 97.429592904357, 97.87069895462996, 97.638748198989)","(2051.24838406295, 1916.86552053002, 1814.60630550157, 6696.12762999581, 6894.63944735548, 6299.45218390227, 5129.45472105312, 5109.68865121024, 5094.12024800072)"
0.6464646464646465,1448.3698608809575,51.386450650170445,"(136.68436915929485, 136.68436915929485, 128.30467989301465, 257.32525385607016, 257.32525385607016, 241.54945043799546, 99.67105516864972, 99.61998449623587, 99.41187857737604)","(131.69421928951184, 134.96674241218415, 126.57786250474324, 254.00904662514722, 246.6594008604917, 238.06229743706706, 97.429592904357, 97.87069895462996, 97.638748198989)","(2051.24838406295, 1916.86552053002, 1814.60630550157, 6696.12762999581, 6894.63944735548, 6299.45218390227, 5129.45472105312, 5109.68865121024, 5094.12024800072)"
0.6565656565656566,1471.0006399572226,48.65796654485166,"(136.68436915929485, 136.68436915929485, 145.6113425005262, 257.32525385607016, 257.32525385607016, 257.32525385607016, 100.35615576228305, 100.63225638073925, 100.7299216393076)","(131.69421928951184, 135.02369547386013, 143.917270517391, 254.11501348154368, 246.6594008604917, 253.83810085514176, 98.11469349801735, 98.88297083913334, 98.95679126083029)","(2136.72482921103, 2011.38753780173, 2150.59697757530, 6948.28490901551, 7126.58904684467, 6954.26369173852, 5231.74772953071, 5236.03393342683, 5245.31828710590)"
0.6666666666666667,1493.6314190334876,47.74847184307873,"(145.6113425005262, 136.68436915929485, 145.6113425005262, 274.13138881578993, 257.32525385607016, 257.32525385607016, 101.19226122299713, 100.99624566021383, 100.720517285886)","(140.74842736690442, 135.02369547386013, 143.917270517391, 270.9211484412634, 247.1972471973835, 253.95372976313683, 99.00634920634921, 99.28085370987905, 98.94738690747974)","(2249.14420397412, 1999.74173052765, 2138.25884088395, 7168.17395687171, 6907.04163047058, 6741.00934338130, 5310.11735143184, 5281.29142613008, 5263.11093812240)"
0.6767676767676768,1516.2621981097525,46.38422979041934,"(145.6113425005262, 145.6113425005262, 145.6113425005262, 257.32525385607016, 274.13138881578993, 257.32525385607016, 101.30425202330325, 101.45789973440422, 101.59400397025054)","(140.74842736690442, 144.00573307583144, 143.917270517391, 254.21759315511528, 264.00338215710326, 253.95372976313683, 99.1183406695038, 99.74250778392889, 99.85599483159946)","(2291.30735848707, 2173.39348248551, 2184.74506448108, 7064.36937291504, 7681.44595282452, 7069.91100432778, 5341.53636884570, 5341.80029032978, 5353.67696213191)"
0.686868686868687,1538.8929771860178,44.56524038687349,"(145.6113425005262, 155.12134484087642, 145.6113425005262, 257.32525385607016, 274.13138881578993, 274.13138881578993, 102.15349655757967, 102.1567155187491, 102.19918687107173)","(140.74842736690442, 153.51573541618166, 143.94939534476464, 254.21759315511528, 264.5141067267439, 270.87165966198677, 99.96758520378022, 100.47455964968998, 100.46117773230071)","(2382.36428673260, 2415.46861773122, 2281.60359753933, 7070.92059107275, 7676.31511358638, 7531.51612927903, 5441.32385575145, 5430.08781106255, 5433.95336446280)"
0.696969696969697,1561.5237562622826,43.65574568510056,"(145.6113425005262, 155.12134484087642, 155.12134484087642, 274.13138881578993, 274.13138881578993, 274.13138881578993, 102.29315060885527, 102.46609559589521, 102.72091723257344)","(140.8724174365673, 153.56897351649818, 153.45939768511485, 271.0237281148351, 264.5141067267439, 270.87165966198677, 100.16141460773324, 100.7839397268361, 101.0173338427731)","(2358.73066421393, 2393.46476779861, 2404.63861203251, 7299.75746285399, 7443.71432819931, 7304.69750460281, 5475.00900877380, 5472.40641888960, 5491.47177027206)"
0.7070707070707072,1584.1545353385477,40.92726157978177,"(165.25245376608015, 155.12134484087642, 155.12134484087642, 274.13138881578993, 274.13138881578993, 274.13138881578993, 103.50808538326388, 103.66658702692821, 103.53665000293643)","(160.63435772167938, 153.56897351649818, 153.49091370040838, 271.12303109531706, 264.999076289197, 270.97974862531606, 101.42918248368937, 102.01702272814462, 101.83306661312376)","(2724.09295624732, 2465.47509936090, 2476.39006425917, 8002.06494595999, 8128.65522777085, 8006.43215229644, 5615.09634340721, 5613.41562253757, 5607.75531126513)"
0.7171717171717172,1606.7853144148123,40.01776687800884,"(155.12134484087642, 155.12134484087642, 165.25245376608015, 274.13138881578993, 274.13138881578993, 292.0351469142523, 103.7343480297273, 103.78412527402604, 104.10496422806142)","(150.50324879647565, 153.62044601948327, 163.62202262561212, 271.2191620497678, 264.999076289197, 288.88350672377845, 101.6554451301528, 102.13456097524245, 102.43512486869855)","(2688.65922740262, 2591.06638734013, 2768.38084940732, 7745.38908260532, 7866.40622408937, 8250.09220361858, 5649.05731884242, 5643.21227136516, 5671.66289046904)"
0.7272727272727273,1629.4160934910774,39.10827217623592,"(155.12134484087642, 165.25245376608015, 165.25245376608015, 274.13138881578993, 274.13138881578993, 292.0351469142523, 104.21707398967092, 104.28184858724437, 104.26553484688162)","(150.50324879647565, 163.751554944687, 163.62202262561212, 271.2191620497678, 265.45959048084427, 288.88350672377845, 102.13817109009642, 102.63228428846078, 102.59569548751875)","(2654.27780653547, 2724.04874185802, 2734.74552803702, 7979.59542122299, 8095.11435107737, 8499.55000147094, 5705.81224730348, 5701.79657756829, 5701.09319146562)"
0.7373737373737375,1652.0468725673425,36.8345354218036,"(165.25245376608015, 165.25245376608015, 165.25245376608015, 292.0351469142523, 274.13138881578993, 292.0351469142523, 105.42921889976424, 105.28495286976072, 104.81238319845163)","(160.75210630866343, 163.80132040490818, 163.65294043576745, 289.2159789642785, 265.89688331346963, 288.9880117850082, 103.40183777571656, 103.66734812851809, 103.17561989823284)","(2979.18113004441, 2891.42590352158, 2901.85088444433, 8596.90177726246, 8176.75909732459, 8600.52098663539, 5848.71967738670, 5817.76726091167, 5787.48953393911)"
0.7474747474747475,1674.6776516436073,35.4702933691442,"(165.25245376608015, 165.25245376608015, 176.04523429126368, 292.0351469142523, 292.0351469142523, 292.0351469142523, 105.4848286799956, 105.65281930422104, 105.71199583998776)","(160.75210630866343, 163.80132040490818, 174.47605192646915, 289.2159789642785, 283.800641411932, 289.0890517754534, 103.45744755601984, 104.03521456297841, 104.07523253976896)","(2997.58813237644, 2913.99277195127, 3112.25824313875, 8448.68938399267, 8543.71630832771, 8452.03015003678, 5877.19941428501, 5876.95688472856, 5889.69788370387)"
0.797979797979798,1787.8315470249322,29.103830456733704,"(176.04523429126368, 187.54290076821835, 187.54290076821835, 292.0351469142523, 311.1082145879472, 311.1082145879472, 107.87620862188771, 107.9521197646562, 108.1567539274278)","(171.88042281126383, 186.2313963153644, 186.0326667717967, 289.47768714949615, 304.0576713997042, 308.3542571105595, 105.99586159281041, 106.42672757692537, 106.61534048346061)","(3382.01401871867, 3532.08445431993, 3541.24478767337, 9083.79983429210, 9737.28110427440, 9675.96869823821, 6198.74707890619, 6202.34309370489, 6219.97423860348)"
0.8080808080808082,1810.4623261011973,26.830093702301383,"(187.54290076821835, 187.54290076821835, 187.54290076821835, 311.1082145879472, 311.1082145879472, 311.1082145879472, 108.75362908868345, 108.91068730016792, 108.89584364911593)","(183.48428009618817, 186.27488373844508, 186.06130489700564, 308.63247617010046, 304.4132069743855, 308.44557408381365, 106.91988439662602, 107.41484947841276, 107.38496310077792)","(3755.73014816991, 3697.30399321269, 3706.00128206274, 9746.53341399090, 9800.36222400508, 9748.50365574611, 6325.98624111656, 6329.62348962442, 6329.85505161233)"
0.8181818181818182,1833.093105177462,25.011104298755527,"(187.54290076821835, 199.79148991589773, 199.79148991589773, 311.1082145879472, 311.1082145879472, 311.1082145879472, 109.50795333120703, 109.46309944116453, 109.60224299661657)","(183.58776363521633, 198.56551951338025, 198.3379894391997, 308.7115882367251, 304.75081409547164, 308.53386260557664, 107.71965564673863, 107.99624460462131, 108.12129071401614)","(3596.02014614234, 3772.63384498482, 3780.92990666262, 10279.6829770314, 10326.2440267081, 10281.4082404501, 6421.50146689508, 6414.82416199528, 6427.58420234314)"
0.8282828282828284,1855.7238842537272,24.1016095969826,"(187.54290076821835, 199.79148991589773, 199.79148991589773, 331.42696112607223, 311.1082145879472, 311.1082145879472, 110.02338914410012, 109.83217401153982, 109.82586239298041)","(183.58776363521633, 198.60617211926584, 198.3379894391997, 329.03033477485013, 305.07139742814655, 308.6192256057683, 108.23509145974477, 108.36531917488942, 108.34491011040946)","(3745.93531701853, 3935.05903303644, 3943.14632706408, 10559.0734720252, 9957.30454226470, 9915.78879001461, 6486.21310774767, 6464.42101167604, 6462.95112962859)"
0.8383838383838385,1878.354663329992,22.73736754432321,"(199.79148991589773, 199.79148991589773, 199.79148991589773, 311.1082145879472, 331.42696112607223, 311.1082145879472, 110.41995760616248, 110.44026927020938, 110.32274365561793)","(195.9371980975497, 198.60617211926584, 198.36555320450842, 308.788171562495, 325.694562496615, 308.7017588426857, 108.67598026996286, 109.00183708442128, 108.87112698215107)","(3981.26293669250, 3934.03314221032, 3941.79035985764, 10314.1871884416, 11023.5979963874, 10315.6150045104, 6540.37646902116, 6535.72506157379, 6535.17202073053)"
0.8484848484848485,1900.9854424062569,20.91837814077735,"(199.79148991589773, 199.79148991589773, 199.79148991589773, 311.1082145879472, 331.42696112607223, 331.42696112607223, 111.06755107987559, 110.95910563858895, 111.09837992638624)","(196.03547171343774, 198.64547958395806, 198.39259378761992, 308.8623068976054, 325.98363130391454, 329.10030206598447, 109.36679405397842, 109.54854660248232, 109.67551794149622)","(4301.43918082902, 4259.01283020373, 4266.30741886598, 10215.5243990304, 10912.6503598210, 10881.8017584697, 6633.90982891099, 6628.81385936077, 6642.21380598073)"
0.8585858585858587,1923.6162214825224,19.55413608811796,"(199.79148991589773, 212.84004515168886, 199.79148991589773, 331.42696112607223, 331.42696112607223, 331.42696112607223, 111.50331473777631, 111.5178627131377, 111.5813347795598)","(196.13123990429744, 211.73204020997122, 198.4191203190752, 329.2528191064055, 326.25812436864135, 329.1774529351637, 109.84470780493574, 110.13463467597215, 110.18665806658166)","(4281.00445859598, 4518.20008534533, 4249.03167991644, 10633.7054896169, 10661.5050272096, 10634.7656381382, 6708.61796817362, 6707.76773471947, 6715.67999951318)"
0.8686868686868687,1946.247000558787,18.189894035458565,"(199.79148991589773, 212.84004515168886, 212.84004515168886, 331.42696112607223, 331.42696112607223, 331.42696112607223, 111.88112378846469, 112.03410374731943, 112.2095136138464)","(196.2245665669898, 211.7687869789703, 211.49369937314725, 329.3222907830589, 326.51877688628116, 329.2520451599149, 110.26362444704155, 110.6776751065906, 110.81483690072679)","(4260.68370756088, 4500.33362233080, 4506.87494227124, 11060.3334374902, 11084.1583443558, 11061.2485648350, 6770.05282690663, 6781.72213576398, 6795.39408182199)"
0.8787878787878789,1968.877779635052,16.37090463191271,"(212.84004515168886, 212.84004515168886, 212.84004515168886, 331.42696112607223, 331.42696112607223, 331.42696112607223, 112.6137653474611, 112.70576679981268, 112.79783878392351)","(209.36406849197758, 211.8386449700378, 211.51922999637597, 329.38954186461854, 327.0013115096878, 329.32416359555305, 111.0363539250286, 111.37561943707988, 111.45786924430385)","(4600.09752504306, 4569.16389427847, 4575.16576543227, 11629.3075482849, 11648.2736734870, 11630.0600741907, 6874.07689646043, 6880.91144521368, 6889.29640463167)"
0.888888888888889,1991.508558711317,14.551915228366852,"(212.84004515168886, 212.84004515168886, 226.74081215918238, 331.42696112607223, 331.42696112607223, 353.07274217914176, 113.35978754394957, 113.12947036800877, 113.53049750199058)","(209.539064512168, 211.87272020379768, 225.4696144071313, 329.5176679222378, 327.22448339607274, 351.1070855963691, 111.85959455134167, 111.85037107988174, 112.21707175061105)","(4646.52781663517, 4619.94761134247, 4926.49005174648, 11481.0765083354, 11495.7288790849, 12230.2294671705, 6985.01236614029, 6956.30675483799, 6998.06790531490)"
0.8989898989898991,2014.139337787582,13.642420526593924,"(212.84004515168886, 212.84004515168886, 226.74081215918238, 331.42696112607223, 353.07274217914176, 353.07274217914176, 113.52488831730975, 113.50961445521993, 113.92953063382704)","(209.6232299258151, 211.90749054478144, 225.49371867141758, 329.57868139842844, 349.082183319348, 351.1722643613167, 112.06187563186872, 112.23051516714793, 112.64212303513781)","(4817.76198707829, 4793.30965042886, 5110.93266783225, 11048.3264582934, 11781.4486930143, 11769.2501995698, 7019.11803515047, 7036.28435776899, 7055.13618359386)"
0.9090909090909092,2036.7701168638469,12.278178473934531,"(212.84004515168886, 226.74081215918238, 226.74081215918238, 331.42696112607223, 353.07274217914176, 353.07274217914176, 114.1018433772478, 114.15457348620744, 114.30860469050167)","(209.7052502264729, 225.84383458688404, 225.51736470457303, 329.637742908772, 349.47450304796683, 351.2352815267188, 112.67508874258958, 112.92575936248774, 113.04670001827431)","(4778.88226308684, 5067.76350642168, 5072.44900729720, 11475.3905876621, 12233.8894046136, 12224.2749402456, 7096.06641435369, 7104.17400801540, 7115.68460550159)"
0.9191919191919192,2059.400895940112,11.823431123048069,"(226.74081215918238, 226.74081215918238, 226.74081215918238, 331.42696112607223, 353.07274217914176, 353.07274217914176, 114.29635280170159, 114.39356397451992, 114.39060295222018)","(223.6859459004456, 225.88027694932245, 225.51736470457303, 329.69491730647746, 349.47450304796683, 351.2352815267188, 112.90495785693179, 113.16355799471486, 113.15369618310598)","(4865.30150038675, 4844.97527322689, 4849.50433301731, 11617.7738260593, 12384.7840643682, 12375.9703093490, 7124.13135542557, 7132.96110307726, 7134.27764093196)"
0.9292929292929296,2082.031675016377,9.094947017729282,"(226.74081215918238, 226.74081215918238, 226.74081215918238, 353.07274217914176, 353.07274217914176, 353.07274217914176, 115.29296968537572, 115.36097684060046, 115.3637650575261)","(223.91370977965937, 225.95610320469132, 225.60755974244054, 351.5015000128128, 350.14723429843684, 351.467132754447, 114.00248686050035, 114.20110030459077, 114.19892080747411)","(5414.00867396463, 5399.52080241971, 5403.07616672319, 12522.0319159117, 12526.9807782971, 12522.2363873335, 7275.89336722599, 7282.56535473813, 7286.19390735773)"
0.9393939393939396,2104.662454092642,7.275957614183426,"(226.74081215918238, 226.74081215918238, 241.54945043799546, 353.07274217914176, 353.07274217914176, 353.07274217914176, 115.75630735222425, 116.01489728134237, 116.19111169525296)","(224.12449141203456, 226.0366036192925, 240.45877077771578, 351.6473660153058, 350.69420311391787, 351.6216088179698, 114.55940972164596, 114.92114829023076, 115.09413327421665)","(5444.45795629477, 5433.60445406580, 5791.11918759085, 13129.4577427918, 13132.2768232482, 13129.5739905021, 7356.48306947505, 7384.14710472835, 7400.28086059313)"
0.9494949494949496,2127.2932331689067,6.821210263296962,"(226.74081215918238, 241.54945043799546, 241.54945043799546, 353.07274217914176, 353.07274217914176, 353.07274217914176, 115.96691171198229, 116.18233345201111, 116.3087438283553)","(224.1911995599837, 240.88762635850588, 240.47945583873067, 351.692913655796, 350.8141536066463, 351.669728754889, 114.79967709209261, 115.1097778692667, 115.23349084822631)","(5200.29960505402, 5529.09132110672, 5531.78867117434, 13281.3571466519, 13283.7311843542, 13281.4535575473, 7400.47275189471, 7403.18854581235, 7422.59885867734)"
0.9595959595959596,2149.9240122451715,4.547473508864641,"(241.54945043799546, 241.54945043799546, 241.54945043799546, 353.07274217914176, 376.13222749306016, 353.07274217914176, 116.89754259448067, 116.97326579704668, 117.06356500218824)","(239.3087179993374, 240.9777492575913, 240.5782921119071, 351.9371938873975, 374.476485410017, 351.8874243825099, 115.86793330081117, 116.00179412720159, 116.09174404362166)","(5670.17518726013, 5664.27186266321, 5666.06515394704, 13226.9684215808, 14091.2927883237, 13226.9930152167, 7530.75262918720, 7539.97470308085, 7545.30966101906)"
0.9696969696969696,2172.5547913214364,3.637978807091713,"(241.54945043799546, 241.54945043799546, 241.54945043799546, 353.07274217914176, 376.13222749306016, 376.13222749306016, 117.16863288274935, 117.17098605599531, 117.51018898919808)","(239.47577924472793, 241.02615108560641, 240.64175575506172, 352.04258783598556, 374.71458701080013, 375.0609693203416, 116.2159966423954, 116.24185285839692, 116.5815518643883)","(5865.92046995317, 5861.50093811692, 5862.92464653038, 12716.8647205912, 13547.5225723292, 13547.2475921127, 7552.60362595890, 7577.54382323968, 7608.91080452446)"
0.97979797979798,2195.1855703977017,2.2737367544323206,"(241.54945043799546, 241.54945043799546, 241.54945043799546, 353.07274217914176, 376.13222749306016, 376.13222749306016, 117.98851252339801, 117.75939598414045, 117.72451677309445)","(239.77345893404103, 241.1322270658787, 240.7393601269384, 352.21186631608515, 375.1458593412072, 375.2716922832002, 117.14842501745107, 116.92535802488223, 116.89272901746654)","(6159.84759878196, 6157.44913826297, 6158.31299621243, 13173.1603364618, 14033.3492024470, 14033.4136652223, 7686.94116521968, 7662.45117837551, 7658.51597572199)"
0.98989898989899,2217.8163494739665,1.3642420526593924,"(257.32525385607016, 241.54945043799546, 241.54945043799546, 376.13222749306016, 376.13222749306016, 376.13222749306016, 118.04040283798537, 118.15088748793008, 118.17592795362192)","(255.80420137007724, 241.1917576707318, 240.82725310229765, 375.46479844004966, 375.4654702481368, 375.4704034135706, 117.33155286899712, 117.43264848897836, 117.4617406835256)","(6365.13176932433, 5973.76254722218, 5974.26220389631, 13490.3667650598, 13490.2355365945, 13490.3555891497, 7710.00203879150, 7721.85376424151, 7724.22490877963)"
1.0,2240.447128550232,0.4547473508864641,"(257.32525385607016, 241.54945043799546, 241.54945043799546, 376.13222749306016, 376.13222749306016, 376.13222749306016, 118.72574587078317, 118.46702857928433, 118.27628064826143)","(256.2927119621017, 241.33484674246978, 240.98119267442095, 375.7054375143886, 375.87372216012, 375.7150041209434, 118.23053486346032, 117.90453733651924, 117.71975190884459)","(6574.58020534754, 6171.24128011283, 6171.38567686614, 13814.8392035746, 13814.7783592255, 13814.8341250164, 7798.24611294270, 7772.65684805884, 7753.35452031558)"
0.7575757575757577,1697.3084307198724,33.69140625,"(176.04523429126368, 176.04523429126368, 176.04523429126368, 292.0351469142523, 292.0351469142523, 292.0351469142523, 106.35096633132339, 106.29199385355501, 106.27831394605656)","(171.65963266461094, 174.64222086701093, 174.47605192646915, 289.30606386850747, 284.2158838190787, 289.0890517754534, 104.37383120564584, 104.7057298514668, 104.67397171394742)","(3079.61665187611, 3001.34752858378, 3011.31146930111, 8937.26951230669, 9022.92118012258, 8940.31206246659, 5982.79789726733, 5971.05923632913, 5970.50357827477)"
0.7676767676767677,1719.9392097961372,31.73828125,"(176.04523429126368, 176.04523429126368, 176.04523429126368, 311.1082145879472, 292.0351469142523, 292.0351469142523, 107.01740711969025, 107.0093261621031, 107.06501845755014)","(171.77145312142088, 174.6887511853524, 174.50580807171445, 308.4663369230523, 284.61018622875736, 289.1867401309098, 105.08927308428464, 105.45379606172546, 105.4924552729459)","(3380.58753774635, 3308.09670509605, 3317.74331808688, 9495.32576075302, 8992.70994055518, 8919.56549546135, 6080.24415863558, 6070.61413488595, 6074.73709444910)"
0.7777777777777778,1742.5699888724023,31.25,"(176.04523429126368, 176.04523429126368, 187.54290076821835, 292.0351469142523, 292.0351469142523, 311.1082145879472, 107.23657544224336, 107.18226884963633, 107.23042272194897)","(171.77145312142088, 174.6887511853524, 186.00347454866912, 289.39326924935745, 284.61018622875736, 308.2598078046047, 105.30844140681485, 105.62673874922476, 105.65785953734475)","(3253.45342001133, 3182.38704930632, 3397.88678060117, 9051.00021792932, 9124.54999372073, 9640.98864298094, 6104.68179335939, 6093.51949736745, 6098.26325850906)"
0.787878787878788,1765.2007679486674,29.296875,"(176.04523429126368, 187.54290076821835, 187.54290076821835, 292.0351469142523, 311.1082145879472, 311.1082145879472, 107.9402236850554, 107.96457901804551, 107.95754999944427)","(171.88042281126383, 186.2313963153644, 186.0326667717967, 289.47768714949615, 304.0576713997042, 308.3542571105595, 106.05987665597915, 106.43918683028927, 106.4161365554773)","(3351.65348327030, 3499.54027961541, 3508.79221469323, 9030.66768468562, 9681.52175646744, 9619.39699108012, 6200.92340297626, 6197.42636591264, 6196.72122875379)"
