Emission Cap,Permit Price,Outputs,Emissions,Profits
1.0,100001871.94236788,"(1000.0, 74.99042093224558, 14.252026702029976, 65.7943224647568, 406.15959883669814, 74.99042093224558, 29.068965370321294, 15.014107288081737, 15.849931923611136)","(0.0009999999999763531, 0.0009999990000011394, 0.000999998999999363, 0.0009999990000011394, 0.0009999989999869285, 0.0009999990000011394, 0.0009999990000011394, 0.000999998999999363, 0.000999998999999363)","(9899078270.09168, 704817575.4901737, 111422805.9109365, 110497376.53708106, 791273099.9886072, 133890794.07488467, 249600637.21384504, 99046745.01960957, 97405307.31062396)"
2.0,66666816.11022796,"(1000.0, 74.99042093224558, 14.252026702029976, 65.7943224647568, 406.15959883669814, 74.99042093224558, 29.068965370321294, 15.014107288081737, 15.849931923611136)","(1.000999998999987, 0.0009999990000011394, 0.000999998999999363, 0.0009999990000011394, 0.0009999989999869285, 0.0009999990000011394, 0.0009999990000011394, 0.000999998999999363, 0.000999998999999363)","(6598941077.686033, 454869923.64746255, 63946930.35010174, 66665563.30356847, 520519376.93148607, 83927931.72434016, 152732413.8761219, 49030469.570312254, 44602805.7722016)"
3.0,55555715.789523676,"(1000.0, 74.99042093224558, 14.252026702029976, 65.7943224647568, 406.15959883669814, 74.99042093224558, 29.068965370321294, 15.014107288081737, 16.849931923611138)","(1.000999998999987, 0.0009999990000011394, 0.000999998999999363, 0.0009999990000011394, 0.0009999989999869285, 0.0009999990000011394, 0.0009999990000011394, 0.000999998999999363, 1.0009999990000011)","(5498953257.025519, 371558425.72966987, 48122471.59335021, 52055728.044004485, 430272887.0428643, 67274521.0121493, 120444699.18174511, 32359251.90925591, 37002881.19229458)"
4.0,44444618.197303504,"(1000.0, 74.99042093224558, 14.252026702029976, 65.7943224647568, 406.15959883669814, 74.99042093224558, 29.068965370321294, 16.01410728808174, 16.849931923611138)","(1.000999998999987, 0.0009999990000011394, 0.000999998999999363, 0.0009999990000011394, 0.0009999989999869285, 0.0009999990000011394, 0.0009999990000011394, 1.0009999990000011, 1.0009999990000011)","(4398965706.482203, 288246948.2701658, 32298016.72251303, 37445896.37208728, 340026419.3155144, 50621114.389433414, 88156992.40891728, 25688022.407844514, 29402962.13616381)"
5.0,44444382.18342839,"(1000.0, 74.99042093224558, 14.252026702029976, 65.7943224647568, 406.15959883669814, 74.99042093224558, 30.068965370321294, 16.01410728808174, 16.849931923611138)","(1.000999998999987, 0.0009999990000011394, 0.000999998999999363, 0.0009999990000011394, 0.0009999989999869285, 0.0009999990000011394, 1.0009999990000011, 1.0009999990000011, 1.0009999990000011)","(4398942341.344581, 288245178.62819546, 32297680.590921663, 37445586.040640816, 340024502.36551136, 50620760.64985025, 88156505.74071483, 25687876.88026933, 29402796.745104365)"
6.0,33333288.68393437,"(1000.0, 75.99042093224558, 14.252026702029976, 65.7943224647568, 406.15959883669814, 74.99042093224558, 30.068965370321294, 16.01410728808174, 16.849931923611138)","(1.000999998999987, 1.0009999990000011, 0.000999998999999363, 0.0009999990000011394, 0.0009999989999869285, 0.0009999990000011394, 1.0009999990000011, 1.0009999990000011, 1.0009999990000011)","(3298955095.9770594, 214933715.7404597, 16473230.12375336, 22835759.75019376, 249778067.8800688, 33967360.16134677, 65868801.756328486, 19016657.12327128, 21802884.420651544)"
7.0,20408233.467605896,"(1000.0, 75.99042093224558, 15.252026702029976, 65.7943224647568, 406.15959883669814, 74.99042093224558, 30.068965370321294, 16.01410728808174, 16.849931923611138)","(1.000999998999987, 1.0009999990000011, 1.0009999989999994, 0.0009999990000011394, 0.0009999989999869285, 0.0009999990000011394, 1.0009999990000011, 1.0009999990000011, 1.0009999990000011)","(2019387454.6028318, 129653649.75390564, 9697881.373894049, 5840779.7769270195, 144798288.09023702, 14595178.578738289, 39942478.244021095, 11256315.28802457, 12962234.628866317)"
8.0,20408197.087817825,"(1000.0, 75.99042093224558, 15.252026702029976, 66.7943224647568, 406.15959883669814, 74.99042093224558, 30.068965370321294, 16.01410728808174, 16.849931923611138)","(1.000999998999987, 1.0009999990000011, 1.0009999989999994, 1.0009999990000011, 0.0009999989999869285, 0.0009999990000011394, 1.0009999990000011, 1.0009999990000011, 1.0009999990000011)","(2019383853.0401926, 129653409.71853256, 9697862.303511964, 5840767.527922001, 144797951.99065432, 14595116.55336353, 39942405.26993015, 11256293.445209462, 12962209.7453389)"
9.0,15306196.928577265,"(1000.0, 75.99042093224558, 15.252026702029976, 66.7943224647568, 407.15959883669814, 74.99042093224558, 30.068965370321294, 16.01410728808174, 16.849931923611138)","(1.000999998999987, 1.0009999990000011, 1.0009999989999994, 1.0009999990000011, 1.000999998999987, 0.0009999990000011394, 1.0009999990000011, 1.0009999990000011, 1.0009999990000011)","(1514290939.2704344, 95990197.90312293, 7023380.1915599415, 4132170.1257564705, 108358487.3617919, 6948188.258622026, 29708320.813470148, 8192997.806118428, 9472476.363891043)"
10.0,271.0294211283326,"(57.37123692675474, 3.489988981178892, 3.1325978323884613, 6.226153140976328, 25.4095240716544, 6.783839562234996, 4.611890991983053, 3.5379449825747202, 3.5941198005352946)","(1.000999998999994, 1.0009999989999998, 1.0009999989999998, 1.0009999990000003, 1.0009999990000011, 1.0009999990000003, 1.0009999989999994, 1.0009999989999998, 1.0009999989999998)","(3375.9398353878137, 17.511710459842682, 25.674607459245188, 418.21354736649045, 2006.5953609908788, 467.31450801497556, 539.144923380703, 364.08481419193174, 364.90869306292035)"
11.0,262.3892214614898,"(57.37123692675474, 3.489988981178892, 3.0921771174958157, 6.226153140976328, 25.4095240716544, 6.783839562234996, 4.611890991983053, 3.9185563812720368, 4.594119799535294)","(1.000999998999994, 1.0009999989999998, 1.0009999989999998, 1.0009999990000003, 1.0009999990000011, 1.0009999990000003, 1.0009999989999994, 1.3816113976973163, 2.0009999979999993)","(3335.250679668678, 23.159236939424098, 31.637351506395007, 425.7864830984724, 2010.8533336203777, 474.7910733063343, 543.1348166953214, 369.27783347024325, 377.7215468572568)"
12.0,253.74902179464698,"(57.37123692675474, 3.489988981178892, 3.0921771174958157, 6.226153140976328, 25.4095240716544, 6.783839562234996, 4.672657125087937, 4.53794498157472, 4.594119799535294)","(1.000999998999994, 1.0009999989999998, 1.0009999989999998, 1.0009999990000003, 1.0009999990000011, 1.0009999990000003, 1.061766132104884, 2.0009999979999993, 2.0009999979999993)","(3294.329625308457, 28.79265663404687, 37.61448859422386, 433.35941883045433, 2015.1113062498757, 482.267638597693, 547.4885771326188, 382.5005748449753, 390.6983451936479)"
13.0,229.64741219766438,"(57.37123692675474, 3.489988981178892, 3.0921771174958157, 6.226153140976328, 25.4095240716544, 6.783839562234996, 5.611890990983053, 4.488789309824785, 4.594119929683217)","(1.000999998999994, 1.0009999989999998, 1.0009999989999998, 1.0009999990000003, 1.0009999990000011, 1.0009999990000003, 2.0009999979999993, 2.0009999979999997, 2.0010001286249897)","(3180.1814210404714, 44.50693262431037, 54.28755520764109, 454.4839237670355, 2026.988808847951, 503.1233207262199, 582.117008548004, 419.3798921270522, 427.3866401220138)"
14.0,227.82842279411852,"(57.37123692675474, 3.489988981178892, 3.0921771174958157, 6.226153140976328, 25.4095240716544, 6.783839562234996, 5.611890990983053, 4.925393609291847, 5.594119798535294)","(1.000999998999994, 1.0009999989999998, 1.0009999989999998, 1.0009999990000003, 1.0009999990000011, 1.0009999990000003, 2.0009999979999993, 2.4376042975762795, 3.000999996999999)","(3171.566462227793, 45.69291571791519, 55.545899857710324, 456.07822602640016, 2027.8852241383715, 504.69733447176907, 583.7886332719493, 421.7018846202247, 431.39651303474284)"
15.0,226.00943339057267,"(57.37123692675475, 3.489988981178892, 3.0921771174958157, 6.226153140976328, 25.4095240716544, 6.783839562234996, 5.8832831342402505, 5.488789308824785, 5.594119798535294)","(1.000999998999994, 1.0009999989999998, 1.0009999989999998, 1.0009999990000003, 1.0009999990000011, 1.0009999990000003, 2.272392141257197, 3.0009999969999996, 3.000999996999999)","(3162.951503415116, 46.87889881151995, 56.80424450777956, 457.6725282857647, 2028.7816394287925, 506.2713482173183, 586.037335695942, 425.9391521660149, 435.2676384115138)"
16.0,222.82620193436742,"(57.37123692675475, 3.489988981178892, 3.0921771174958157, 6.226153140976328, 25.4095240716544, 6.783839562234996, 6.611890989983053, 5.488789308824785, 6.191626375469642)","(1.000999998999994, 1.0009999989999998, 1.0009999989999998, 1.0009999990000003, 1.0009999990000011, 1.0009999990000003, 3.000999996999999, 3.0009999969999996, 3.5985065739343476)","(3147.875325492929, 48.954369225328385, 59.00634764540068, 460.4625572396528, 2030.3503661870286, 509.02587227202935, 592.9161987163416, 432.82459541561417, 442.5902610366142)"
17.0,222.37145458348095,"(57.37123692675475, 3.489988981178892, 3.0921771174958157, 6.226153140976328, 25.4095240716544, 6.783839562234996, 6.611890989983053, 5.488789308824785, 6.594119797535294)","(1.000999998999994, 1.0009999989999998, 1.0009999989999998, 1.0009999990000003, 1.0009999990000011, 1.0009999990000003, 3.000999996999999, 3.0009999969999996, 4.000999995999999)","(3145.7215857897595, 49.25086499872953, 59.320933807917996, 460.861132804494, 2030.5744700096343, 509.41937570841674, 593.566503228615, 433.65492050613267, 444.08452770326505)"
18.0,221.46195988170803,"(57.37123692675475, 3.489988981178892, 3.0921771174958157, 6.226153140976328, 25.4095240716544, 6.783839562234996, 6.694208803083836, 6.488789307824785, 6.594119797535292)","(1.000999998999994, 1.0009999989999998, 1.0009999989999998, 1.0009999990000003, 1.0009999990000011, 1.0009999990000003, 3.083317810100782, 4.000999995999999, 4.000999995999997)","(3141.4141063834204, 49.84385654553194, 59.9501061329526, 461.65828393417627, 2031.0226776548448, 510.2063825811913, 594.9042495249824, 436.4596996515235, 446.1888193401855)"
19.0,220.5524651799351,"(57.37123692675475, 3.489988981178892, 3.0921771174958157, 6.226153140976328, 25.4095240716544, 6.783839562234996, 7.611890988983053, 6.488789307824785, 6.8830172580427345)","(1.000999998999994, 1.0009999989999998, 1.0009999989999998, 1.0009999990000003, 1.0009999990000011, 1.0009999990000003, 4.000999995999999, 4.000999995999999, 4.28989745650744)","(3137.1066269770813, 50.43684809233435, 60.5792784579872, 462.4554350638586, 2031.4708853000548, 510.99338945396585, 597.4506948449997, 438.51525332534, 448.4153852053468)"
20.0,220.09771782904863,"(57.37123692675475, 3.489988981178892, 3.0921771174958157, 6.226153140976328, 25.4095240716544, 6.783839562234996, 7.611890988983053, 6.854987973816165, 7.594119796535294)","(1.000999998999994, 1.0009999989999998, 1.0009999989999998, 1.0009999990000003, 1.0009999990000011, 1.0009999990000003, 4.000999995999999, 4.367198661991379, 5.000999994999999)","(3134.952887273912, 50.7333438657355, 60.893864620504516, 462.85401062869977, 2031.69498912266, 511.38689289035324, 597.7298809182972, 439.3448006531538, 449.86820505183255)"
20.0,220.09771782904863,"(57.37123692675475, 3.489988981178892, 3.0921771174958157, 6.226153140976328, 25.4095240716544, 6.783839562234996, 7.611890988983053, 6.854987973816165, 7.594119796535294)","(1.000999998999994, 1.0009999989999998, 1.0009999989999998, 1.0009999990000003, 1.0009999990000011, 1.0009999990000003, 4.000999995999999, 4.367198661991379, 5.000999994999999)","(3134.952887273912, 50.7333438657355, 60.893864620504516, 462.85401062869977, 2031.69498912266, 511.38689289035324, 597.7298809182972, 439.3448006531538, 449.86820505183255)"
40.0,213.27650756575167,"(56.370236927754746, 3.4841085443659505, 3.0921771174958157, 6.226153140976328, 25.4095240716544, 6.783839562234996, 13.886925171420337, 14.012635511087424, 14.11079610935797)","(1.000999998999994, 1.0009999989999998, 1.0009999989999998, 1.0009999990000003, 1.0009999990000011, 1.0009999990000003, 10.276034178437284, 11.524846199262639, 11.569039404408976)","(3102.9375610708016, 55.53017829119943, 65.92400232263161, 468.83264410131704, 2035.056546461738, 517.2894444361627, 612.4904946410957, 462.2550536832034, 472.25197844130344)"
60.0,206.00054995156825,"(53.9153547902282, 3.4074557442614934, 3.0921771174958157, 6.226153140976328, 25.4095240716544, 6.783839562234996, 20.70334166689434, 20.786431895186197, 20.71798892644175)","(1.000999998999994, 1.0009999989999998, 1.0009999989999998, 1.0009999990000003, 1.0009999990000011, 1.0009999990000003, 17.181941999809457, 18.298642583361413, 18.176232221492754)","(3070.283676625393, 61.167920980723146, 71.74017636353689, 475.2098531387756, 2038.6422076234207, 523.5854994183594, 649.9419507954593, 507.61767598871495, 516.3891061343195)"
80.0,197.8150976356119,"(53.91535479022819, 3.4074557442614934, 3.0921771174958157, 6.226153140976328, 25.4095240716544, 6.783839562234996, 27.20718862444037, 27.150010157682868, 27.299201935590276)","(1.000999998999994, 1.0009999989999998, 1.0009999989999998, 1.0009999990000003, 1.0009999990000011, 1.0009999990000003, 23.685788957355488, 24.71042401778044, 24.807790452938928)","(3034.345157812151, 66.57240208947162, 77.40272728884842, 482.3842133059164, 2042.6760764303144, 530.6685612733309, 718.3186809278825, 584.1887733821138, 593.4149699784034)"
100.0,188.26540326699615,"(53.91535479022819, 3.4074557442614934, 3.0921771174958157, 6.226153140976328, 25.4095240716544, 6.783839562234996, 33.88887276323061, 33.85926598884594, 33.94068567235988)","(1.000999998999994, 1.0009999989999998, 1.0009999989999998, 1.0009999990000003, 1.0009999990000011, 1.0009999990000003, 30.454746500588534, 31.466948976315866, 31.449274189708547)","(2992.416885863369, 72.87763004967816, 84.00903670171185, 490.7543001675806, 2047.3822567050233, 538.9321334374642, 829.3086141916833, 704.602694347176, 713.9990779734135)"
120.0,178.26096154749393,"(54.915354789228196, 3.4074557442614934, 3.0921771174958157, 6.226153140976328, 25.4095240716544, 6.783839562234996, 40.28956771072133, 40.09465928304281, 40.3748481204921)","(2.0009999979999975, 1.0009999989999998, 1.0009999989999998, 1.0009999990000003, 1.0009999990000011, 1.0009999990000003, 36.94055252579074, 37.70234227051248, 37.932784157287415)","(2951.304022769736, 79.14236138628534, 90.62071456565228, 499.522962594086, 2052.3125408023375, 547.5892090379848, 979.033271814659, 863.2945202719579, 874.0340011758192)"
140.0,166.89227777533233,"(54.915354789228196, 3.4074557442614934, 3.0525230310105864, 6.226153140976328, 25.4095240716544, 6.783839562234996, 46.86373463634101, 47.008145094243204, 46.95409788971037)","(2.0009999979999975, 1.0009999989999998, 1.0009999989999998, 1.0009999990000003, 1.0009999990000011, 1.0009999990000003, 43.597721174967205, 44.662181263732826, 44.56040423811884)","(2911.8389905144336, 86.6620971029137, 98.50572713130512, 509.4873517151149, 2057.9151363674673, 557.4267949476673, 1183.1803373965347, 1081.7793952661189, 1089.2115605131094)"
160.0,156.88783605583012,"(54.915354789228196, 3.4074557442614934, 3.0525230310105864, 7.2261531399763275, 26.4095240706544, 7.783839561234995, 52.47293067445722, 52.503668618075466, 52.400846495461614)","(2.0009999979999975, 1.0009999989999998, 1.0009999989999998, 2.0009999979999993, 2.000999998000001, 2.0009999979999993, 49.206917213083415, 50.20315977271735, 50.054565298878764)","(2876.9181317256866, 93.26757401360625, 105.46629440640405, 523.4582965675884, 2062.3538591099314, 567.3800837983352, 1398.7028033443999, 1305.7396159366613, 1308.4525707509993)"
180.0,147.79288903810084,"(54.915354789228196, 3.4074557442614934, 3.0525230310105864, 9.587644335365333, 27.4095240696544, 9.783839559234995, 57.320896258061715, 57.14928964063769, 57.171952853699246)","(2.0009999979999975, 1.0009999989999998, 1.0009999989999998, 4.362491193389005, 3.000999997000001, 4.000999995999999, 54.13582682194141, 54.89335498950942, 54.825671657116395)","(2845.171896463189, 99.27255302332675, 111.79408283831214, 541.5269571957771, 2064.78154727901, 583.7653961695112, 1617.2353130868223, 1529.373801829442, 1533.3337474846367)"
200.0,145.06440493278205,"(54.915354789228196, 3.4074557442614934, 3.0525230310105864, 16.943339351959345, 27.4095240696544, 16.943339351959345, 58.638791226023365, 58.60308645339773, 58.56607615840572)","(2.0009999979999975, 1.0009999989999998, 1.0009999989999998, 11.718186209983017, 3.000999997000001, 11.352249401803745, 55.45372178990306, 56.347151802349664, 56.266268528251956)","(2835.64802588444, 101.07404672624291, 113.69241936788455, 552.4695203479748, 2031.6885409055444, 593.2660107737058, 1684.6683575542875, 1599.3385393835883, 1604.9524067942693)"
200.0,145.06440493278205,"(54.915354789228196, 3.4074557442614934, 3.0525230310105864, 16.943339351959345, 27.4095240696544, 16.943339351959345, 58.638791226023365, 58.60308645339773, 58.56607615840572)","(2.0009999979999975, 1.0009999989999998, 1.0009999989999998, 11.718186209983017, 3.000999997000001, 11.352249401803745, 55.45372178990306, 56.347151802349664, 56.266268528251956)","(2835.64802588444, 101.07404672624291, 113.69241936788455, 552.4695203479748, 2031.6885409055444, 593.2660107737058, 1684.6683575542875, 1599.3385393835883, 1604.9524067942693)"
242.10526315789474,140.06218407303095,"(52.9143547912282, 3.4074557442614934, 3.0525230310105864, 31.89794331259839, 31.89794331259839, 31.89794331259839, 61.066269824002696, 61.08094909516442, 61.14978261691602)","(2.0009999979999975, 1.0009999989999998, 1.0009999989999998, 26.83975535430075, 8.720266530760323, 26.306853362442787, 57.96013832496487, 58.825014444116356, 58.849974986762255)","(2818.4936198650375, 105.05861707533445, 117.78351286332867, 599.0637616370942, 1967.8378678388572, 637.5795234551252, 1813.7203278805046, 1736.0578670541745, 1743.6014681175316)"
284.2105263157895,135.5147105641663,"(51.67134178467835, 4.407455743261494, 3.0525230310105864, 41.08356010355162, 43.76676340122012, 43.76676340122012, 62.95653528120056, 63.4656856309144, 63.500679416291966)","(2.0009999979999975, 2.000999998, 1.0009999989999998, 36.025372145253975, 20.58908661938205, 38.361064538163475, 59.85040378204314, 61.253461449205474, 61.2008717861382)","(2798.2858691679166, 110.19714226614204, 121.02158735952082, 653.0205803652111, 1951.22225877961, 700.8408175178564, 1934.7984986343195, 1871.5258599715144, 1877.8085442332958)"
326.3157894736842,130.96723705530167,"(51.67134178467835, 4.407455743261494, 3.0525230310105864, 52.9143547912282, 52.9143547912282, 56.370236927754746, 65.48081663584317, 65.51876959997735, 65.57576652326078)","(2.0009999979999975, 2.000999998, 1.0009999989999998, 48.01779745857616, 30.905457302975407, 50.964538064698104, 62.451667270598605, 63.30654541826843, 63.32151216336572)","(2783.887957856728, 117.29235792488774, 124.18548157547488, 739.6307319959823, 1945.3151485743492, 792.7941472850035, 2068.6199535097226, 1999.9636412394393, 2007.0725588439964)"
368.42105263157896,126.41976354643703,"(51.67134178467835, 4.327659058087782, 4.052523030010587, 63.9738617073243, 63.9738617073243, 68.15205021430171, 67.64950664352527, 67.6476838691487, 67.70896897495089)","(2.0009999979999975, 2.000999998, 2.000999998, 59.077304374672266, 41.96496421907151, 62.74635135124507, 64.62035727828071, 65.47832316852013, 65.45471461505583)","(2764.735232551528, 123.9684924803622, 129.73185157885513, 845.6659058401028, 1973.5324088861944, 904.8934941070759, 2204.3819187407203, 2138.210997362372, 2146.823696386023)"
410.5263157894737,121.41754268668592,"(51.67134178467835, 4.327659058087782, 4.052523030010587, 77.34489251697599, 77.34489251697599, 77.34489251697599, 69.9029668308864, 70.04224636756612, 70.13965331594213)","(2.0009999979999975, 2.000999998, 2.000999998, 72.60480102600022, 56.44583725934186, 72.11843706736511, 66.94889170936865, 67.87288566682403, 67.93005015436705)","(2748.897530109221, 131.81314576929398, 137.7141339856786, 1009.5041332949237, 2054.1929469907977, 1039.6948421744978, 2355.044378657296, 2298.7523685379692, 2306.317022889083)"
452.63157894736844,116.87006917782128,"(51.67134178467835, 4.327659058087782, 4.052523030010587, 87.7777321537076, 87.7777321537076, 87.7777321537076, 72.15829440485848, 72.1698370885417, 72.06244763849537)","(2.0009999979999975, 2.000999998, 2.000999998, 83.03764066273183, 66.87867689607347, 82.724576848888, 69.20421928329324, 70.04250929268397, 69.8528444769203)","(2734.4996187980323, 138.9446487592319, 144.97075435551807, 1185.853857071745, 2157.0602111080357, 1213.9067905824145, 2509.1919509273157, 2450.673934988883, 2449.217107289707)"
494.7368421052632,111.86784831807017,"(52.67134178367835, 4.327659058087782, 4.052523030010587, 99.61782917811763, 99.61782917811763, 99.61782917811763, 74.36518391842668, 74.39403322129508, 74.3897033771027)","(3.000999997000001, 2.000999998, 2.000999998, 95.02920329740046, 79.77265032611233, 94.56467387329803, 71.484321872637, 72.26670542543735, 72.2238672052539)","(2720.7556763741104, 146.35653614278775, 152.54778445974569, 1405.1078788620093, 2299.2487117688365, 1431.2762705542214, 2672.5923476123444, 2618.6806743308744, 2622.0724474006593)"
536.8421052631579,101.86340659856796,"(53.67134178267835, 10.2138231807529, 10.2138231807529, 120.43872269922272, 128.30467989301465, 128.30467989301465, 158.60636496185373, 6.346963826510376, 6.394693647591527)","(4.000999995999997, 7.887164120665118, 8.201202730648331, 115.99672253773298, 109.46023310532826, 123.41907925006028, 155.79690150479357, 4.000999995999999, 4.000999995999999)","(2635.00001585964, 171.08358875280538, 175.88161914389258, 1817.1216346467193, 2662.492411524983, 1937.3319796238206, 10279.036648842544, 560.9998759787444, 567.0596188637628)"
578.9473684210527,101.86340659856796,"(53.67134178267835, 10.2138231807529, 10.2138231807529, 120.43872269922272, 128.30467989301465, 128.30467989301465, 7.267013457373799, 159.46256655667176, 6.394693647591527)","(4.000999995999997, 7.887164120665118, 8.201202730648331, 115.99672253773298, 109.46023310532826, 123.41907925006028, 4.000999995999999, 157.3764571852279, 4.000999995999999)","(2635.00001585964, 171.08358875280538, 175.88161914389258, 1817.1216346467193, 2662.492411524983, 1937.3319796238206, 657.8990282564644, 10171.498754567248, 562.5845025114679)"
621.0526315789474,100.49916454590857,"(52.9143547912282, 14.929537085259945, 14.014254068824712, 128.30467989301465, 128.30467989301465, 128.30467989301465, 7.267013457373799, 160.35951164943216, 6.394693647591527)","(4.000999995999997, 12.602878025172163, 12.001633618720144, 123.8626797315249, 110.4105016445022, 123.58107830767403, 4.000999995999999, 158.2734022779883, 4.000999995999999)","(2587.480819175788, 179.3590764054134, 183.17756540251276, 1979.7567873295388, 2708.0389541519594, 2001.3818737253182, 659.7876774879929, 10365.229538998192, 564.9019280157604)"
663.1578947368421,97.31593308970332,"(50.626208888137306, 24.766079242388574, 24.766079242395357, 136.6843691592925, 136.6843691592406, 136.68436915934393, 92.34247577782988, 42.91011354095522, 92.42445269128221)","(4.000999995999997, 22.51657105148485, 22.753458792288754, 132.38430947854897, 118.7901909107824, 131.96076757395423, 92.29868431796675, 65.04852176121602, 91.21879740396679)","(2478.493976975169, 211.297296164509, 217.228864042945, 2157.619054031946, 2842.960684377891, 2178.228565490015, 4357.218444139083, 2342.479695965829, 4202.3896927838805)"
705.2631578947369,95.042196335271,"(51.626208887137324, 31.89794331259839, 29.942381496283975, 145.6113425005262, 145.6113425005262, 136.68436915929485, 81.82756810746719, 81.84284457537022, 81.6723477960217)","(5.000999994999994, 29.648435121689914, 27.929761046179408, 141.31128281978033, 127.71716425201376, 131.96076757395423, 79.08773423427218, 79.79715492893627, 79.5914620402759)","(2414.0365474541945, 246.19188112924536, 246.53801225639836, 2333.959177596976, 2988.391360912066, 2228.0213834573515, 3272.526080597252, 3230.694601831531, 3228.061737759226)"
747.3684210526317,91.85896487906575,"(52.62620888613733, 38.56485545816618, 41.08356010355162, 145.6113425005262, 155.12134484087642, 145.6113425005262, 82.91167508334057, 83.14982472062705, 83.33381021545944)","(6.000999993999997, 36.31534726725771, 39.10910439841292, 141.31128281978033, 138.1295154747841, 141.0443679921357, 80.17184121014556, 81.14377157699418, 81.25292445971364)","(2321.910818227454, 297.75317245375027, 315.37676446178966, 2506.052128004588, 3265.5970749619287, 2524.668899716498, 3389.554128600752, 3355.598112919147, 3363.6275349394173)"
789.4736842105264,87.31149137020111,"(56.370236927754746, 52.9143547912282, 52.9143547912282, 155.12134484087642, 165.25245376608015, 165.25245376608015, 7.267013457373799, 6.301508841358116, 171.79051594259917)","(12.603473526534628, 50.73943882507092, 50.9398990860895, 150.95869011321415, 149.11747009362216, 160.68547925768965, 4.000999995999999, 4.000999995999999, 169.75084637889972)","(2198.212338812971, 404.9047413275074, 413.11957639899845, 2714.8877246022753, 3432.0459997811713, 2892.573605918097, 669.8104618661637, 574.4950011589801, 12323.368575600083)"
831.578947368421,86.85674401931465,"(56.370236927754746, 52.9143547912282, 52.9143547912282, 155.12134484087642, 165.25245376608015, 165.25245376608015, 85.22657942124388, 85.22458289240976, 85.24749459021844)","(12.603473526534628, 50.73943882507092, 50.97733943176708, 150.95869011321415, 149.11747009362216, 160.83691249190068, 82.55464946404605, 83.21852974877689, 83.20782502651899)","(2201.380313419956, 425.57210045215595, 433.8840268700468, 2782.124968611905, 3498.353811965587, 2964.1908020602596, 3586.8110881612984, 3550.3118784717235, 3554.3931005530367)"
873.6842105263158,84.12825991399586,"(60.05182554182782, 60.05182554182782, 60.05182554182782, 176.04523429126368, 165.25245376608015, 165.25245376608015, 86.45994741015863, 86.39488039552428, 86.3165132153109)","(18.968265438276198, 57.949028011308656, 58.114810182366696, 172.01559416382443, 149.11747009362216, 160.83691249190068, 83.7880174529608, 84.42769570856719, 84.27684365161146)","(2144.52038062745, 499.38478771086017, 508.266570226625, 3214.6275274658315, 3550.4282776714, 3048.241580072977, 3699.7437772170915, 3662.024969323533, 3659.1450533025154)"
915.7894736842106,81.39977580867708,"(63.9738617073243, 68.15205021430171, 68.15205021430171, 176.04523429126368, 176.04523429126368, 176.04523429126368, 87.44870460564127, 87.49355228697442, 87.56477625216655)","(22.890301603772684, 66.04925268378256, 66.2150348548406, 172.01559416382443, 160.72388807379505, 171.6296930170842, 84.8429954035762, 85.52636760001732, 85.56550608975488)","(2085.4728696000197, 574.6457890968015, 583.9798430053063, 3294.359094295149, 3780.567059635427, 3309.310686816307, 3801.187118220688, 3771.2257039602473, 3778.251645009759)"
957.8947368421053,79.12603905424476,"(72.60311987306747, 72.60311987306747, 72.60311987306747, 176.04523429126368, 176.04523429126368, 187.54290076821835, 88.3598936989905, 88.36042948242192, 88.50931625230892)","(34.03826441490135, 70.57004903023243, 70.70283585782003, 172.01559416382443, 160.72388807379505, 183.27377107356799, 85.75418449692543, 86.39324479529903, 86.51004608996558)","(2072.7534673572573, 621.0314869272739, 630.7848388774479, 3475.0607238141115, 3935.5943219972437, 3702.029496606422, 3898.287834530952, 3866.8367027568875, 3876.7612246162753)"
1000.0,75.94280759803951,"(77.34489251697599, 77.34489251697599, 82.39635477786521, 187.54290076821835, 187.54290076821835, 187.54290076821835, 89.50422825191153, 90.11888182111004, 89.61559476478254)","(38.78003705880982, 75.31182167414094, 80.49607076261778, 183.64202438066516, 172.99416302753815, 183.27377107356799, 86.96309812684345, 88.18981299793724, 87.65592399158406)","(2055.7020485299277, 720.2689740760212, 770.5681511309194, 3828.9759968416447, 4254.296074275627, 3842.2313359321824, 4024.170518869045, 4022.253078058983, 3997.4823079702182)"
1000.0,75.94280759803951,"(77.34489251697599, 77.34489251697599, 82.39635477786521, 187.54290076821835, 187.54290076821835, 187.54290076821835, 89.75274653456367, 89.79825072202988, 89.73805393867977)","(38.78003705880982, 75.31182167414094, 80.49607076261778, 183.64202438066516, 172.99416302753815, 183.27377107356799, 87.2116164204193, 87.86918189885708, 87.77838316548129)","(2055.7020485299277, 720.2689740760212, 770.5681511309194, 3828.9759968416447, 4254.296074275627, 3842.2313359321824, 4028.7495654789846, 3997.1909550075507, 4000.704994484395)"
1473.6842105263158,46.38422979041934,"(145.6113425005262, 145.6113425005262, 145.6113425005262, 257.32525385607016, 257.32525385607016, 257.32525385607016, 101.38658771976047, 101.54584563658084, 101.53884426578136)","(122.36359542289372, 144.00573307583144, 143.917270517391, 254.21759315511528, 247.1972471973835, 253.95372976313683, 99.20067636596102, 99.8304536862129, 99.80083512713028)","(2659.4370549101964, 2173.353520438314, 2184.715092672857, 7138.7397244251715, 7301.0960745563425, 7144.286086211108, 5345.459993268174, 5339.601770849475, 5341.800081332249)"
1947.3684210526317,16.825651982799172,"(212.84004515168886, 212.84004515168886, 212.84004515168886, 331.42696112607223, 331.42696112607223, 331.42696112607223, 112.5976490636902, 112.56090275980043, 112.41775637237231)","(204.3919415787298, 211.80430093114597, 211.51922999637597, 329.38954186461854, 326.76628558118915, 329.32416359555305, 111.02023764117621, 111.23075539708904, 111.05070679013436)","(4541.358132241831, 4482.476355528249, 4488.627618873138, 11319.742167602211, 11339.881279196774, 11320.528897042002, 6860.104123143401, 6854.232965595607, 6850.311663768638)"
2421.0526315789475,0.4547473508864641,"(257.32525385607016, 241.54945043799546, 241.54945043799546, 376.13222749306016, 376.13222749306016, 376.13222749306016, 118.55979154899148, 118.56999005945188, 118.28987357266766)","(257.1018687015547, 241.33484674246978, 240.98119267442095, 375.7054375143886, 375.87372216012, 375.7150041209434, 118.06458054166863, 118.00749881668679, 117.73334483325081)","(6574.181547601373, 6171.2030859450115, 6171.357024550525, 13809.690628507426, 13809.629786633577, 13809.68985531624, 7772.99657524561, 7771.526041286661, 7752.8310701466235)"
2894.7368421052633,0.4547473508864641,"(257.32525385607016, 241.54945043799546, 241.54945043799546, 376.13222749306016, 376.13222749306016, 376.13222749306016, 118.55979154899148, 118.56999005945188, 118.28987357266766)","(257.1018687015547, 241.33484674246978, 240.98119267442095, 375.7054375143886, 375.87372216012, 375.7150041209434, 118.06458054166863, 118.00749881668679, 117.73334483325081)","(6574.181547601373, 6171.2030859450115, 6171.357024550525, 13809.690628507426, 13809.629786633577, 13809.68985531624, 7772.99657524561, 7771.526041286661, 7752.8310701466235)"
3368.4210526315787,0.4547473508864641,"(257.32525385607016, 241.54945043799546, 241.54945043799546, 376.13222749306016, 376.13222749306016, 376.13222749306016, 118.55979154899148, 118.56999005945188, 118.28987357266766)","(257.1018687015547, 241.33484674246978, 240.98119267442095, 375.7054375143886, 375.87372216012, 375.7150041209434, 118.06458054166863, 118.00749881668679, 117.73334483325081)","(6574.181547601373, 6171.2030859450115, 6171.357024550525, 13809.690628507426, 13809.629786633577, 13809.68985531624, 7772.99657524561, 7771.526041286661, 7752.8310701466235)"
3842.1052631578946,0.4547473508864641,"(257.32525385607016, 241.54945043799546, 241.54945043799546, 376.13222749306016, 376.13222749306016, 376.13222749306016, 118.55979154899148, 118.56999005945188, 118.28987357266766)","(257.1018687015547, 241.33484674246978, 240.98119267442095, 375.7054375143886, 375.87372216012, 375.7150041209434, 118.06458054166863, 118.00749881668679, 117.73334483325081)","(6574.181547601373, 6171.2030859450115, 6171.357024550525, 13809.690628507426, 13809.629786633577, 13809.68985531624, 7772.99657524561, 7771.526041286661, 7752.8310701466235)"
4315.78947368421,0.4547473508864641,"(257.32525385607016, 241.54945043799546, 241.54945043799546, 376.13222749306016, 376.13222749306016, 376.13222749306016, 118.55979154899148, 118.56999005945188, 118.28987357266766)","(257.1018687015547, 241.33484674246978, 240.98119267442095, 375.7054375143886, 375.87372216012, 375.7150041209434, 118.06458054166863, 118.00749881668679, 117.73334483325081)","(6574.181547601373, 6171.2030859450115, 6171.357024550525, 13809.690628507426, 13809.629786633577, 13809.68985531624, 7772.99657524561, 7771.526041286661, 7752.8310701466235)"
4789.473684210527,0.4547473508864641,"(257.32525385607016, 241.54945043799546, 241.54945043799546, 376.13222749306016, 376.13222749306016, 376.13222749306016, 118.55979154899148, 118.56999005945188, 118.28987357266766)","(257.1018687015547, 241.33484674246978, 240.98119267442095, 375.7054375143886, 375.87372216012, 375.7150041209434, 118.06458054166863, 118.00749881668679, 117.73334483325081)","(6574.181547601373, 6171.2030859450115, 6171.357024550525, 13809.690628507426, 13809.629786633577, 13809.68985531624, 7772.99657524561, 7771.526041286661, 7752.8310701466235)"
5263.157894736842,0.4547473508864641,"(257.32525385607016, 241.54945043799546, 241.54945043799546, 376.13222749306016, 376.13222749306016, 376.13222749306016, 118.55979154899148, 118.56999005945188, 118.28987357266766)","(257.1018687015547, 241.33484674246978, 240.98119267442095, 375.7054375143886, 375.87372216012, 375.7150041209434, 118.06458054166863, 118.00749881668679, 117.73334483325081)","(6574.181547601373, 6171.2030859450115, 6171.357024550525, 13809.690628507426, 13809.629786633577, 13809.68985531624, 7772.99657524561, 7771.526041286661, 7752.8310701466235)"
5736.8421052631575,0.4547473508864641,"(257.32525385607016, 241.54945043799546, 241.54945043799546, 376.13222749306016, 376.13222749306016, 376.13222749306016, 118.55979154899148, 118.56999005945188, 118.28987357266766)","(257.1018687015547, 241.33484674246978, 240.98119267442095, 375.7054375143886, 375.87372216012, 375.7150041209434, 118.06458054166863, 118.00749881668679, 117.73334483325081)","(6574.181547601373, 6171.2030859450115, 6171.357024550525, 13809.690628507426, 13809.629786633577, 13809.68985531624, 7772.99657524561, 7771.526041286661, 7752.8310701466235)"
6210.526315789473,0.4547473508864641,"(257.32525385607016, 241.54945043799546, 241.54945043799546, 376.13222749306016, 376.13222749306016, 376.13222749306016, 118.55979154899148, 118.56999005945188, 118.28987357266766)","(257.1018687015547, 241.33484674246978, 240.98119267442095, 375.7054375143886, 375.87372216012, 375.7150041209434, 118.06458054166863, 118.00749881668679, 117.73334483325081)","(6574.181547601373, 6171.2030859450115, 6171.357024550525, 13809.690628507426, 13809.629786633577, 13809.68985531624, 7772.99657524561, 7771.526041286661, 7752.8310701466235)"
6684.210526315789,0.4547473508864641,"(257.32525385607016, 241.54945043799546, 241.54945043799546, 376.13222749306016, 376.13222749306016, 376.13222749306016, 118.55979154899148, 118.56999005945188, 118.28987357266766)","(257.1018687015547, 241.33484674246978, 240.98119267442095, 375.7054375143886, 375.87372216012, 375.7150041209434, 118.06458054166863, 118.00749881668679, 117.73334483325081)","(6574.181547601373, 6171.2030859450115, 6171.357024550525, 13809.690628507426, 13809.629786633577, 13809.68985531624, 7772.99657524561, 7771.526041286661, 7752.8310701466235)"
7157.894736842105,0.4547473508864641,"(257.32525385607016, 241.54945043799546, 241.54945043799546, 376.13222749306016, 376.13222749306016, 376.13222749306016, 118.55979154899148, 118.56999005945188, 118.28987357266766)","(257.1018687015547, 241.33484674246978, 240.98119267442095, 375.7054375143886, 375.87372216012, 375.7150041209434, 118.06458054166863, 118.00749881668679, 117.73334483325081)","(6574.181547601373, 6171.2030859450115, 6171.357024550525, 13809.690628507426, 13809.629786633577, 13809.68985531624, 7772.99657524561, 7771.526041286661, 7752.8310701466235)"
7631.578947368421,0.4547473508864641,"(257.32525385607016, 241.54945043799546, 241.54945043799546, 376.13222749306016, 376.13222749306016, 376.13222749306016, 118.55979154899148, 118.56999005945188, 118.28987357266766)","(257.1018687015547, 241.33484674246978, 240.98119267442095, 375.7054375143886, 375.87372216012, 375.7150041209434, 118.06458054166863, 118.00749881668679, 117.73334483325081)","(6574.181547601373, 6171.2030859450115, 6171.357024550525, 13809.690628507426, 13809.629786633577, 13809.68985531624, 7772.99657524561, 7771.526041286661, 7752.8310701466235)"
8105.263157894737,0.4547473508864641,"(257.32525385607016, 241.54945043799546, 241.54945043799546, 376.13222749306016, 376.13222749306016, 376.13222749306016, 118.55979154899148, 118.56999005945188, 118.28987357266766)","(257.1018687015547, 241.33484674246978, 240.98119267442095, 375.7054375143886, 375.87372216012, 375.7150041209434, 118.06458054166863, 118.00749881668679, 117.73334483325081)","(6574.181547601373, 6171.2030859450115, 6171.357024550525, 13809.690628507426, 13809.629786633577, 13809.68985531624, 7772.99657524561, 7771.526041286661, 7752.8310701466235)"
8578.947368421053,0.4547473508864641,"(257.32525385607016, 241.54945043799546, 241.54945043799546, 376.13222749306016, 376.13222749306016, 376.13222749306016, 118.55979154899148, 118.56999005945188, 118.28987357266766)","(257.1018687015547, 241.33484674246978, 240.98119267442095, 375.7054375143886, 375.87372216012, 375.7150041209434, 118.06458054166863, 118.00749881668679, 117.73334483325081)","(6574.181547601373, 6171.2030859450115, 6171.357024550525, 13809.690628507426, 13809.629786633577, 13809.68985531624, 7772.99657524561, 7771.526041286661, 7752.8310701466235)"
9052.631578947368,0.4547473508864641,"(257.32525385607016, 241.54945043799546, 241.54945043799546, 376.13222749306016, 376.13222749306016, 376.13222749306016, 118.55979154899148, 118.56999005945188, 118.28987357266766)","(257.1018687015547, 241.33484674246978, 240.98119267442095, 375.7054375143886, 375.87372216012, 375.7150041209434, 118.06458054166863, 118.00749881668679, 117.73334483325081)","(6574.181547601373, 6171.2030859450115, 6171.357024550525, 13809.690628507426, 13809.629786633577, 13809.68985531624, 7772.99657524561, 7771.526041286661, 7752.8310701466235)"
9526.315789473683,0.4547473508864641,"(257.32525385607016, 241.54945043799546, 241.54945043799546, 376.13222749306016, 376.13222749306016, 376.13222749306016, 118.55979154899148, 118.56999005945188, 118.28987357266766)","(257.1018687015547, 241.33484674246978, 240.98119267442095, 375.7054375143886, 375.87372216012, 375.7150041209434, 118.06458054166863, 118.00749881668679, 117.73334483325081)","(6574.181547601373, 6171.2030859450115, 6171.357024550525, 13809.690628507426, 13809.629786633577, 13809.68985531624, 7772.99657524561, 7771.526041286661, 7752.8310701466235)"
